DROP TABLE IF EXISTS "SOLAR_SYSTEMS";
CREATE TABLE SOLAR_SYSTEMS (idSolarSystem  integer, name varchar(255) not null, primary key (idSolarSystem));
INSERT INTO "SOLAR_SYSTEMS" VALUES(1,'Carne666');
DROP TABLE IF EXISTS "STATIONS";
CREATE TABLE STATIONS (idStation  integer, isBlackMarket boolean not null, isMarket boolean not null, isOutfitting boolean not null, isShipyard boolean not null, name varchar(255) not null, idSolarSystem bigint not null, primary key (idStation));
INSERT INTO "STATIONS" VALUES(1,0,0,0,0,'TestTotal1',1);
INSERT INTO "STATIONS" VALUES(2,0,1,0,1,'TestEsso2',1);
DROP TABLE IF EXISTS "GOODS_CATEGORIES";
CREATE TABLE GOODS_CATEGORIES (idGoodsCategory bigint not null, name varchar(255) not null, primary key (idGoodsCategory));
INSERT INTO "GOODS_CATEGORIES" VALUES(1,'Chemicals');
INSERT INTO "GOODS_CATEGORIES" VALUES(2,'Consumer items');
INSERT INTO "GOODS_CATEGORIES" VALUES(3,'Foods');
INSERT INTO "GOODS_CATEGORIES" VALUES(4,'Industrial materials');
INSERT INTO "GOODS_CATEGORIES" VALUES(5,'Legal drugs');
INSERT INTO "GOODS_CATEGORIES" VALUES(6,'Machinery');
INSERT INTO "GOODS_CATEGORIES" VALUES(7,'Medicines');
INSERT INTO "GOODS_CATEGORIES" VALUES(8,'Metals');
INSERT INTO "GOODS_CATEGORIES" VALUES(9,'Minerals');
INSERT INTO "GOODS_CATEGORIES" VALUES(10,'Technology');
INSERT INTO "GOODS_CATEGORIES" VALUES(11,'Textiles');
INSERT INTO "GOODS_CATEGORIES" VALUES(12,'Waste');
INSERT INTO "GOODS_CATEGORIES" VALUES(13,'Weapons');
DROP TABLE IF EXISTS "GOODS_DESIGNATIONS";
CREATE TABLE GOODS_DESIGNATIONS (idGoodsDesignation  integer, name varchar(255), idGoodsCategory bigint, primary key (idGoodsDesignation));
INSERT INTO "GOODS_DESIGNATIONS" VALUES(1,'Explosives',1);
INSERT INTO "GOODS_DESIGNATIONS" VALUES(2,'Hydrogen fuel',1);
INSERT INTO "GOODS_DESIGNATIONS" VALUES(3,'Mineral oil',1);
INSERT INTO "GOODS_DESIGNATIONS" VALUES(4,'Pesticides',1);
INSERT INTO "GOODS_DESIGNATIONS" VALUES(5,'Clothing',2);
INSERT INTO "GOODS_DESIGNATIONS" VALUES(6,'Consumer technology',2);
INSERT INTO "GOODS_DESIGNATIONS" VALUES(7,'Dom. appliances',2);
INSERT INTO "GOODS_DESIGNATIONS" VALUES(8,'Algae',3);
INSERT INTO "GOODS_DESIGNATIONS" VALUES(9,'Animal meat',3);
INSERT INTO "GOODS_DESIGNATIONS" VALUES(10,'Coffee',3);
INSERT INTO "GOODS_DESIGNATIONS" VALUES(11,'Fish',3);
INSERT INTO "GOODS_DESIGNATIONS" VALUES(12,'Food cartridges',3);
INSERT INTO "GOODS_DESIGNATIONS" VALUES(13,'Fruit and vegetables',3);
INSERT INTO "GOODS_DESIGNATIONS" VALUES(14,'Grain',3);
INSERT INTO "GOODS_DESIGNATIONS" VALUES(15,'Synthetic meat',3);
INSERT INTO "GOODS_DESIGNATIONS" VALUES(16,'Tea',3);
INSERT INTO "GOODS_DESIGNATIONS" VALUES(17,'Polymers',4);
INSERT INTO "GOODS_DESIGNATIONS" VALUES(18,'Semiconductors',4);
INSERT INTO "GOODS_DESIGNATIONS" VALUES(19,'Superconductors',4);
INSERT INTO "GOODS_DESIGNATIONS" VALUES(20,'Beer',5);
INSERT INTO "GOODS_DESIGNATIONS" VALUES(21,'Liquor',5);
INSERT INTO "GOODS_DESIGNATIONS" VALUES(22,'Narcotics',5);
INSERT INTO "GOODS_DESIGNATIONS" VALUES(23,'Tobacco',5);
INSERT INTO "GOODS_DESIGNATIONS" VALUES(24,'Wine',5);
INSERT INTO "GOODS_DESIGNATIONS" VALUES(25,'Atmospheric processor',6);
INSERT INTO "GOODS_DESIGNATIONS" VALUES(26,'Crop Harvesters',6);
INSERT INTO "GOODS_DESIGNATIONS" VALUES(27,'Hel-static furnaces',6);
INSERT INTO "GOODS_DESIGNATIONS" VALUES(28,'Marine equipment',6);
INSERT INTO "GOODS_DESIGNATIONS" VALUES(29,'Mineral extractors',6);
INSERT INTO "GOODS_DESIGNATIONS" VALUES(30,'Microbial furnaces',6);
INSERT INTO "GOODS_DESIGNATIONS" VALUES(31,'Power generators',6);
INSERT INTO "GOODS_DESIGNATIONS" VALUES(32,'Water purifiers',6);
INSERT INTO "GOODS_DESIGNATIONS" VALUES(33,'Agri-medicines',7);
INSERT INTO "GOODS_DESIGNATIONS" VALUES(34,'Basic medicines',7);
INSERT INTO "GOODS_DESIGNATIONS" VALUES(35,'Combat stabilisers',7);
INSERT INTO "GOODS_DESIGNATIONS" VALUES(36,'Performance enhancers',7);
INSERT INTO "GOODS_DESIGNATIONS" VALUES(37,'Progenitor cells',7);
INSERT INTO "GOODS_DESIGNATIONS" VALUES(38,'Aluminium',8);
INSERT INTO "GOODS_DESIGNATIONS" VALUES(39,'Beryllium',8);
INSERT INTO "GOODS_DESIGNATIONS" VALUES(40,'Cobalt',8);
INSERT INTO "GOODS_DESIGNATIONS" VALUES(41,'Copper',8);
INSERT INTO "GOODS_DESIGNATIONS" VALUES(42,'Gallium',8);
INSERT INTO "GOODS_DESIGNATIONS" VALUES(43,'Gold',8);
INSERT INTO "GOODS_DESIGNATIONS" VALUES(44,'Indium',8);
INSERT INTO "GOODS_DESIGNATIONS" VALUES(45,'Lithium',8);
INSERT INTO "GOODS_DESIGNATIONS" VALUES(46,'Palladium',8);
INSERT INTO "GOODS_DESIGNATIONS" VALUES(47,'Platinum',8);
INSERT INTO "GOODS_DESIGNATIONS" VALUES(48,'Silver',8);
INSERT INTO "GOODS_DESIGNATIONS" VALUES(49,'Tantalum',8);
INSERT INTO "GOODS_DESIGNATIONS" VALUES(50,'Titanium',8);
INSERT INTO "GOODS_DESIGNATIONS" VALUES(51,'Uranium',8);
INSERT INTO "GOODS_DESIGNATIONS" VALUES(52,'Bauxite',9);
INSERT INTO "GOODS_DESIGNATIONS" VALUES(53,'Bertrandite',9);
INSERT INTO "GOODS_DESIGNATIONS" VALUES(54,'Coltan',9);
INSERT INTO "GOODS_DESIGNATIONS" VALUES(55,'Gallite',9);
INSERT INTO "GOODS_DESIGNATIONS" VALUES(56,'Indite',9);
INSERT INTO "GOODS_DESIGNATIONS" VALUES(57,'Lepidolite',9);
INSERT INTO "GOODS_DESIGNATIONS" VALUES(58,'Rutile',9);
INSERT INTO "GOODS_DESIGNATIONS" VALUES(59,'Uraninite',9);
INSERT INTO "GOODS_DESIGNATIONS" VALUES(60,'Advanced catalysers',10);
INSERT INTO "GOODS_DESIGNATIONS" VALUES(61,'Animal monitors',10);
INSERT INTO "GOODS_DESIGNATIONS" VALUES(62,'Aquaponic systems',10);
INSERT INTO "GOODS_DESIGNATIONS" VALUES(63,'Auto-fabricators',10);
INSERT INTO "GOODS_DESIGNATIONS" VALUES(64,'Bioreducing lichen',10);
INSERT INTO "GOODS_DESIGNATIONS" VALUES(65,'Computer components',10);
INSERT INTO "GOODS_DESIGNATIONS" VALUES(66,'H.E. suits',10);
INSERT INTO "GOODS_DESIGNATIONS" VALUES(67,'Land enrichment systems',10);
INSERT INTO "GOODS_DESIGNATIONS" VALUES(68,'Resonating separators',10);
INSERT INTO "GOODS_DESIGNATIONS" VALUES(69,'Robotics',10);
INSERT INTO "GOODS_DESIGNATIONS" VALUES(70,'Leather',11);
INSERT INTO "GOODS_DESIGNATIONS" VALUES(71,'Natural fabrics',11);
INSERT INTO "GOODS_DESIGNATIONS" VALUES(72,'Synthetic fabrics',11);
INSERT INTO "GOODS_DESIGNATIONS" VALUES(73,'Biowaste',12);
INSERT INTO "GOODS_DESIGNATIONS" VALUES(74,'Chemical waste',12);
INSERT INTO "GOODS_DESIGNATIONS" VALUES(75,'Scrap',12);
INSERT INTO "GOODS_DESIGNATIONS" VALUES(76,'Battle weapons',13);
INSERT INTO "GOODS_DESIGNATIONS" VALUES(77,'Non-lethal wpns',13);
INSERT INTO "GOODS_DESIGNATIONS" VALUES(78,'Personal weapons',13);
INSERT INTO "GOODS_DESIGNATIONS" VALUES(79,'Reactive armour',13);
DROP TABLE IF EXISTS "GOODS";
CREATE TABLE GOODS (idGoods  integer, lastUpdated bigint not null, number bigint not null, price integer not null, priority integer not null, supplyOrDemand integer not null, idGoodsDesignation bigint not null, idStation bigint not null, primary key (idGoods));
INSERT INTO "GOODS" VALUES(1,1417708533004,15689,1200,3,2,30,1);
INSERT INTO "GOODS" VALUES(2,1417708533133,500,6005,1,1,52,1);
DROP TABLE IF EXISTS "SHIP_BUYABLES";
CREATE TABLE SHIP_BUYABLES (idShipBuyable  integer, defaultMaxRange float not null, defaultMinRange float not null, mass integer not null, name varchar(255) not null, price bigint not null, primary key (idShipBuyable));
INSERT INTO "SHIP_BUYABLES" VALUES(1,7.789999961853027,7.559999942779541,25,'Sidewinder',32000);
INSERT INTO "SHIP_BUYABLES" VALUES(2,8.760000228881836,8.270000457763672,50,'Eagle',44800);
INSERT INTO "SHIP_BUYABLES" VALUES(3,10.90999984741211,9.869999885559082,14,'Hauler',52720);
INSERT INTO "SHIP_BUYABLES" VALUES(4,7.119999885559082,6.920000076293945,60,'Viper',142931);
INSERT INTO "SHIP_BUYABLES" VALUES(5,10.460000038146973,9.779999732971191,180,'Cobra Mk3',279718);
INSERT INTO "SHIP_BUYABLES" VALUES(6,0,0,155,'Type-6 Transporter',1045945);
INSERT INTO "SHIP_BUYABLES" VALUES(7,0,0,280,'ASP',6661153);
INSERT INTO "SHIP_BUYABLES" VALUES(8,0,0,580,'Federal Dropship',37814205);
INSERT INTO "SHIP_BUYABLES" VALUES(9,0,0,1000,'Lakon Type-9 Heavy',76500000);
INSERT INTO "SHIP_BUYABLES" VALUES(10,0,0,400,'Anaconda',146969451);
DROP TABLE IF EXISTS "SHIP_OUTFIT_CATEGORIES";
CREATE TABLE SHIP_OUTFIT_CATEGORIES (idShipOutfitCategory bigint not null, name varchar(255) not null, primary key (idShipOutfitCategory));
INSERT INTO "SHIP_OUTFIT_CATEGORIES" VALUES(1,'Hardpoint');
INSERT INTO "SHIP_OUTFIT_CATEGORIES" VALUES(2,'Utility Mount');
INSERT INTO "SHIP_OUTFIT_CATEGORIES" VALUES(3,'Bulkheads');
INSERT INTO "SHIP_OUTFIT_CATEGORIES" VALUES(4,'Reactor bay');
INSERT INTO "SHIP_OUTFIT_CATEGORIES" VALUES(5,'Thruster mounting');
INSERT INTO "SHIP_OUTFIT_CATEGORIES" VALUES(6,'Frame Shift Drive housing');
INSERT INTO "SHIP_OUTFIT_CATEGORIES" VALUES(7,'Environmental control');
INSERT INTO "SHIP_OUTFIT_CATEGORIES" VALUES(8,'Power coupling');
INSERT INTO "SHIP_OUTFIT_CATEGORIES" VALUES(9,'Sensor suite');
INSERT INTO "SHIP_OUTFIT_CATEGORIES" VALUES(10,'Fuel Store');
INSERT INTO "SHIP_OUTFIT_CATEGORIES" VALUES(11,'Internal compartment');
DROP TABLE IF EXISTS "SHIP_OUTFIT_SLOTS";
CREATE TABLE SHIP_OUTFIT_SLOTS (idShipOutfitSlot  integer, size integer not null, idShipBuyable bigint not null, idShipOutfitCategory bigint, primary key (idShipOutfitSlot));
INSERT INTO "SHIP_OUTFIT_SLOTS" VALUES(1,1,1,1);
INSERT INTO "SHIP_OUTFIT_SLOTS" VALUES(2,1,1,1);
INSERT INTO "SHIP_OUTFIT_SLOTS" VALUES(3,0,1,2);
INSERT INTO "SHIP_OUTFIT_SLOTS" VALUES(4,0,1,2);
INSERT INTO "SHIP_OUTFIT_SLOTS" VALUES(5,8,1,3);
INSERT INTO "SHIP_OUTFIT_SLOTS" VALUES(6,2,1,4);
INSERT INTO "SHIP_OUTFIT_SLOTS" VALUES(7,2,1,5);
INSERT INTO "SHIP_OUTFIT_SLOTS" VALUES(8,2,1,6);
INSERT INTO "SHIP_OUTFIT_SLOTS" VALUES(9,1,1,7);
INSERT INTO "SHIP_OUTFIT_SLOTS" VALUES(10,1,1,8);
INSERT INTO "SHIP_OUTFIT_SLOTS" VALUES(11,1,1,9);
INSERT INTO "SHIP_OUTFIT_SLOTS" VALUES(12,1,1,10);
INSERT INTO "SHIP_OUTFIT_SLOTS" VALUES(13,2,1,11);
INSERT INTO "SHIP_OUTFIT_SLOTS" VALUES(14,2,1,11);
INSERT INTO "SHIP_OUTFIT_SLOTS" VALUES(15,1,1,11);
INSERT INTO "SHIP_OUTFIT_SLOTS" VALUES(16,1,2,1);
INSERT INTO "SHIP_OUTFIT_SLOTS" VALUES(17,1,2,1);
INSERT INTO "SHIP_OUTFIT_SLOTS" VALUES(18,1,2,1);
INSERT INTO "SHIP_OUTFIT_SLOTS" VALUES(19,0,2,2);
INSERT INTO "SHIP_OUTFIT_SLOTS" VALUES(20,8,2,3);
INSERT INTO "SHIP_OUTFIT_SLOTS" VALUES(21,2,2,4);
INSERT INTO "SHIP_OUTFIT_SLOTS" VALUES(22,3,2,5);
INSERT INTO "SHIP_OUTFIT_SLOTS" VALUES(23,3,2,6);
INSERT INTO "SHIP_OUTFIT_SLOTS" VALUES(24,1,2,7);
INSERT INTO "SHIP_OUTFIT_SLOTS" VALUES(25,2,2,8);
INSERT INTO "SHIP_OUTFIT_SLOTS" VALUES(26,2,2,9);
INSERT INTO "SHIP_OUTFIT_SLOTS" VALUES(27,2,2,10);
INSERT INTO "SHIP_OUTFIT_SLOTS" VALUES(28,3,2,11);
INSERT INTO "SHIP_OUTFIT_SLOTS" VALUES(29,2,2,11);
INSERT INTO "SHIP_OUTFIT_SLOTS" VALUES(30,1,2,11);
INSERT INTO "SHIP_OUTFIT_SLOTS" VALUES(31,1,3,1);
INSERT INTO "SHIP_OUTFIT_SLOTS" VALUES(32,0,3,2);
INSERT INTO "SHIP_OUTFIT_SLOTS" VALUES(33,0,3,2);
INSERT INTO "SHIP_OUTFIT_SLOTS" VALUES(34,8,3,3);
INSERT INTO "SHIP_OUTFIT_SLOTS" VALUES(35,2,3,4);
INSERT INTO "SHIP_OUTFIT_SLOTS" VALUES(36,2,3,5);
INSERT INTO "SHIP_OUTFIT_SLOTS" VALUES(37,2,3,6);
INSERT INTO "SHIP_OUTFIT_SLOTS" VALUES(38,1,3,7);
INSERT INTO "SHIP_OUTFIT_SLOTS" VALUES(39,1,3,8);
INSERT INTO "SHIP_OUTFIT_SLOTS" VALUES(40,1,3,9);
INSERT INTO "SHIP_OUTFIT_SLOTS" VALUES(41,2,3,10);
INSERT INTO "SHIP_OUTFIT_SLOTS" VALUES(42,3,3,11);
INSERT INTO "SHIP_OUTFIT_SLOTS" VALUES(43,3,3,11);
INSERT INTO "SHIP_OUTFIT_SLOTS" VALUES(44,2,3,11);
INSERT INTO "SHIP_OUTFIT_SLOTS" VALUES(45,1,3,11);
INSERT INTO "SHIP_OUTFIT_SLOTS" VALUES(46,1,4,1);
INSERT INTO "SHIP_OUTFIT_SLOTS" VALUES(47,1,4,1);
INSERT INTO "SHIP_OUTFIT_SLOTS" VALUES(48,2,4,1);
INSERT INTO "SHIP_OUTFIT_SLOTS" VALUES(49,2,4,1);
INSERT INTO "SHIP_OUTFIT_SLOTS" VALUES(50,0,4,2);
INSERT INTO "SHIP_OUTFIT_SLOTS" VALUES(51,0,4,2);
INSERT INTO "SHIP_OUTFIT_SLOTS" VALUES(52,8,4,3);
INSERT INTO "SHIP_OUTFIT_SLOTS" VALUES(53,3,4,4);
INSERT INTO "SHIP_OUTFIT_SLOTS" VALUES(54,3,4,5);
INSERT INTO "SHIP_OUTFIT_SLOTS" VALUES(55,3,4,6);
INSERT INTO "SHIP_OUTFIT_SLOTS" VALUES(56,2,4,7);
INSERT INTO "SHIP_OUTFIT_SLOTS" VALUES(57,3,4,8);
INSERT INTO "SHIP_OUTFIT_SLOTS" VALUES(58,3,4,9);
INSERT INTO "SHIP_OUTFIT_SLOTS" VALUES(59,2,4,10);
INSERT INTO "SHIP_OUTFIT_SLOTS" VALUES(60,3,4,11);
INSERT INTO "SHIP_OUTFIT_SLOTS" VALUES(61,3,4,11);
INSERT INTO "SHIP_OUTFIT_SLOTS" VALUES(62,2,4,11);
INSERT INTO "SHIP_OUTFIT_SLOTS" VALUES(63,1,4,11);
INSERT INTO "SHIP_OUTFIT_SLOTS" VALUES(64,1,5,1);
INSERT INTO "SHIP_OUTFIT_SLOTS" VALUES(65,1,5,1);
INSERT INTO "SHIP_OUTFIT_SLOTS" VALUES(66,2,5,1);
INSERT INTO "SHIP_OUTFIT_SLOTS" VALUES(67,2,5,1);
INSERT INTO "SHIP_OUTFIT_SLOTS" VALUES(68,0,5,2);
INSERT INTO "SHIP_OUTFIT_SLOTS" VALUES(69,0,5,2);
INSERT INTO "SHIP_OUTFIT_SLOTS" VALUES(70,8,5,3);
INSERT INTO "SHIP_OUTFIT_SLOTS" VALUES(71,4,5,4);
INSERT INTO "SHIP_OUTFIT_SLOTS" VALUES(72,4,5,5);
INSERT INTO "SHIP_OUTFIT_SLOTS" VALUES(73,4,5,6);
INSERT INTO "SHIP_OUTFIT_SLOTS" VALUES(74,3,5,7);
INSERT INTO "SHIP_OUTFIT_SLOTS" VALUES(75,3,5,8);
INSERT INTO "SHIP_OUTFIT_SLOTS" VALUES(76,3,5,9);
INSERT INTO "SHIP_OUTFIT_SLOTS" VALUES(77,8,5,10);
INSERT INTO "SHIP_OUTFIT_SLOTS" VALUES(78,4,5,11);
INSERT INTO "SHIP_OUTFIT_SLOTS" VALUES(79,4,5,11);
INSERT INTO "SHIP_OUTFIT_SLOTS" VALUES(80,4,5,11);
INSERT INTO "SHIP_OUTFIT_SLOTS" VALUES(81,2,5,11);
INSERT INTO "SHIP_OUTFIT_SLOTS" VALUES(82,2,5,11);
INSERT INTO "SHIP_OUTFIT_SLOTS" VALUES(83,2,5,11);
INSERT INTO "SHIP_OUTFIT_SLOTS" VALUES(84,1,6,1);
INSERT INTO "SHIP_OUTFIT_SLOTS" VALUES(85,1,6,1);
INSERT INTO "SHIP_OUTFIT_SLOTS" VALUES(86,0,6,2);
INSERT INTO "SHIP_OUTFIT_SLOTS" VALUES(87,0,6,2);
INSERT INTO "SHIP_OUTFIT_SLOTS" VALUES(88,0,6,2);
INSERT INTO "SHIP_OUTFIT_SLOTS" VALUES(89,8,6,10);
INSERT INTO "SHIP_OUTFIT_SLOTS" VALUES(90,5,6,11);
INSERT INTO "SHIP_OUTFIT_SLOTS" VALUES(91,5,6,11);
INSERT INTO "SHIP_OUTFIT_SLOTS" VALUES(92,4,6,11);
INSERT INTO "SHIP_OUTFIT_SLOTS" VALUES(93,4,6,11);
INSERT INTO "SHIP_OUTFIT_SLOTS" VALUES(94,3,6,11);
INSERT INTO "SHIP_OUTFIT_SLOTS" VALUES(95,2,6,11);
INSERT INTO "SHIP_OUTFIT_SLOTS" VALUES(96,2,6,11);
INSERT INTO "SHIP_OUTFIT_SLOTS" VALUES(97,1,7,1);
INSERT INTO "SHIP_OUTFIT_SLOTS" VALUES(98,1,7,1);
INSERT INTO "SHIP_OUTFIT_SLOTS" VALUES(99,1,7,1);
INSERT INTO "SHIP_OUTFIT_SLOTS" VALUES(100,1,7,1);
INSERT INTO "SHIP_OUTFIT_SLOTS" VALUES(101,2,7,1);
INSERT INTO "SHIP_OUTFIT_SLOTS" VALUES(102,2,7,1);
INSERT INTO "SHIP_OUTFIT_SLOTS" VALUES(103,0,7,2);
INSERT INTO "SHIP_OUTFIT_SLOTS" VALUES(104,0,7,2);
INSERT INTO "SHIP_OUTFIT_SLOTS" VALUES(105,0,7,2);
INSERT INTO "SHIP_OUTFIT_SLOTS" VALUES(106,0,7,2);
INSERT INTO "SHIP_OUTFIT_SLOTS" VALUES(107,16,7,10);
INSERT INTO "SHIP_OUTFIT_SLOTS" VALUES(108,6,7,11);
INSERT INTO "SHIP_OUTFIT_SLOTS" VALUES(109,6,7,11);
INSERT INTO "SHIP_OUTFIT_SLOTS" VALUES(110,5,7,11);
INSERT INTO "SHIP_OUTFIT_SLOTS" VALUES(111,3,7,11);
INSERT INTO "SHIP_OUTFIT_SLOTS" VALUES(112,3,7,11);
INSERT INTO "SHIP_OUTFIT_SLOTS" VALUES(113,3,7,11);
INSERT INTO "SHIP_OUTFIT_SLOTS" VALUES(114,2,7,11);
INSERT INTO "SHIP_OUTFIT_SLOTS" VALUES(115,2,7,11);
INSERT INTO "SHIP_OUTFIT_SLOTS" VALUES(116,2,8,1);
INSERT INTO "SHIP_OUTFIT_SLOTS" VALUES(117,2,8,1);
INSERT INTO "SHIP_OUTFIT_SLOTS" VALUES(118,2,8,1);
INSERT INTO "SHIP_OUTFIT_SLOTS" VALUES(119,2,8,1);
INSERT INTO "SHIP_OUTFIT_SLOTS" VALUES(120,3,8,1);
INSERT INTO "SHIP_OUTFIT_SLOTS" VALUES(121,0,8,2);
INSERT INTO "SHIP_OUTFIT_SLOTS" VALUES(122,0,8,2);
INSERT INTO "SHIP_OUTFIT_SLOTS" VALUES(123,0,8,2);
INSERT INTO "SHIP_OUTFIT_SLOTS" VALUES(124,0,8,2);
INSERT INTO "SHIP_OUTFIT_SLOTS" VALUES(125,8,8,10);
INSERT INTO "SHIP_OUTFIT_SLOTS" VALUES(126,6,8,11);
INSERT INTO "SHIP_OUTFIT_SLOTS" VALUES(127,5,8,11);
INSERT INTO "SHIP_OUTFIT_SLOTS" VALUES(128,5,8,11);
INSERT INTO "SHIP_OUTFIT_SLOTS" VALUES(129,4,8,11);
INSERT INTO "SHIP_OUTFIT_SLOTS" VALUES(130,3,8,11);
INSERT INTO "SHIP_OUTFIT_SLOTS" VALUES(131,3,8,11);
INSERT INTO "SHIP_OUTFIT_SLOTS" VALUES(132,2,8,11);
INSERT INTO "SHIP_OUTFIT_SLOTS" VALUES(133,1,9,1);
INSERT INTO "SHIP_OUTFIT_SLOTS" VALUES(134,1,9,1);
INSERT INTO "SHIP_OUTFIT_SLOTS" VALUES(135,2,9,1);
INSERT INTO "SHIP_OUTFIT_SLOTS" VALUES(136,2,9,1);
INSERT INTO "SHIP_OUTFIT_SLOTS" VALUES(137,2,9,1);
INSERT INTO "SHIP_OUTFIT_SLOTS" VALUES(138,0,9,2);
INSERT INTO "SHIP_OUTFIT_SLOTS" VALUES(139,0,9,2);
INSERT INTO "SHIP_OUTFIT_SLOTS" VALUES(140,0,9,2);
INSERT INTO "SHIP_OUTFIT_SLOTS" VALUES(141,0,9,2);
INSERT INTO "SHIP_OUTFIT_SLOTS" VALUES(142,16,9,10);
INSERT INTO "SHIP_OUTFIT_SLOTS" VALUES(143,8,9,11);
INSERT INTO "SHIP_OUTFIT_SLOTS" VALUES(144,7,9,11);
INSERT INTO "SHIP_OUTFIT_SLOTS" VALUES(145,6,9,11);
INSERT INTO "SHIP_OUTFIT_SLOTS" VALUES(146,5,9,11);
INSERT INTO "SHIP_OUTFIT_SLOTS" VALUES(147,4,9,11);
INSERT INTO "SHIP_OUTFIT_SLOTS" VALUES(148,4,9,11);
INSERT INTO "SHIP_OUTFIT_SLOTS" VALUES(149,3,9,11);
INSERT INTO "SHIP_OUTFIT_SLOTS" VALUES(150,3,9,11);
INSERT INTO "SHIP_OUTFIT_SLOTS" VALUES(151,2,9,11);
INSERT INTO "SHIP_OUTFIT_SLOTS" VALUES(152,1,10,1);
INSERT INTO "SHIP_OUTFIT_SLOTS" VALUES(153,1,10,1);
INSERT INTO "SHIP_OUTFIT_SLOTS" VALUES(154,2,10,1);
INSERT INTO "SHIP_OUTFIT_SLOTS" VALUES(155,2,10,1);
INSERT INTO "SHIP_OUTFIT_SLOTS" VALUES(156,3,10,1);
INSERT INTO "SHIP_OUTFIT_SLOTS" VALUES(157,3,10,1);
INSERT INTO "SHIP_OUTFIT_SLOTS" VALUES(158,3,10,1);
INSERT INTO "SHIP_OUTFIT_SLOTS" VALUES(159,4,10,1);
INSERT INTO "SHIP_OUTFIT_SLOTS" VALUES(160,0,10,2);
INSERT INTO "SHIP_OUTFIT_SLOTS" VALUES(161,0,10,2);
INSERT INTO "SHIP_OUTFIT_SLOTS" VALUES(162,0,10,2);
INSERT INTO "SHIP_OUTFIT_SLOTS" VALUES(163,0,10,2);
INSERT INTO "SHIP_OUTFIT_SLOTS" VALUES(164,0,10,2);
INSERT INTO "SHIP_OUTFIT_SLOTS" VALUES(165,0,10,2);
INSERT INTO "SHIP_OUTFIT_SLOTS" VALUES(166,0,10,2);
INSERT INTO "SHIP_OUTFIT_SLOTS" VALUES(167,0,10,2);
INSERT INTO "SHIP_OUTFIT_SLOTS" VALUES(168,16,10,10);
INSERT INTO "SHIP_OUTFIT_SLOTS" VALUES(169,7,10,11);
INSERT INTO "SHIP_OUTFIT_SLOTS" VALUES(170,6,10,11);
INSERT INTO "SHIP_OUTFIT_SLOTS" VALUES(171,6,10,11);
INSERT INTO "SHIP_OUTFIT_SLOTS" VALUES(172,6,10,11);
INSERT INTO "SHIP_OUTFIT_SLOTS" VALUES(173,5,10,11);
INSERT INTO "SHIP_OUTFIT_SLOTS" VALUES(174,5,10,11);
INSERT INTO "SHIP_OUTFIT_SLOTS" VALUES(175,5,10,11);
INSERT INTO "SHIP_OUTFIT_SLOTS" VALUES(176,4,10,11);
INSERT INTO "SHIP_OUTFIT_SLOTS" VALUES(177,4,10,11);
INSERT INTO "SHIP_OUTFIT_SLOTS" VALUES(178,4,10,11);
INSERT INTO "SHIP_OUTFIT_SLOTS" VALUES(179,2,10,11);
DROP TABLE IF EXISTS "STATION_SHIPYARD";
CREATE TABLE STATION_SHIPYARD (idStation bigint not null, idShipBuyable bigint not null);
INSERT INTO "STATION_SHIPYARD" VALUES(2,1);
INSERT INTO "STATION_SHIPYARD" VALUES(2,10);
