-- phpMyAdmin SQL Dump
-- version 4.1.14
-- http://www.phpmyadmin.net
--
-- Client :  127.0.0.1
-- Généré le :  Lun 26 Janvier 2015 à 12:12
-- Version du serveur :  5.6.17
-- Version de PHP :  5.5.12

SET SQL_MODE = "NO_AUTO_VALUE_ON_ZERO";
SET time_zone = "+00:00";


/*!40101 SET @OLD_CHARACTER_SET_CLIENT=@@CHARACTER_SET_CLIENT */;
/*!40101 SET @OLD_CHARACTER_SET_RESULTS=@@CHARACTER_SET_RESULTS */;
/*!40101 SET @OLD_COLLATION_CONNECTION=@@COLLATION_CONNECTION */;
/*!40101 SET NAMES utf8 */;

--
-- Base de données :  `elite`
--

CREATE DATABASE IF NOT EXISTS `elite`;

USE `elite`;

-- --------------------------------------------------------

--
-- Structure de la table `solar_systems`
--

CREATE TABLE IF NOT EXISTS `solar_systems` (
  `idSolarSystem` bigint(20) NOT NULL AUTO_INCREMENT,
  `X` double DEFAULT NULL,
  `Y` double DEFAULT NULL,
  `Z` double DEFAULT NULL,
  `name` varchar(255) NOT NULL,
  PRIMARY KEY (`idSolarSystem`),
  UNIQUE KEY `UK_ofiph6gdokj0cdk5dbj8cta3g` (`name`)
) ENGINE=InnoDB  DEFAULT CHARSET=latin1 AUTO_INCREMENT=69 ;

--
-- Contenu de la table `solar_systems`
--

INSERT INTO `solar_systems` (`idSolarSystem`, `X`, `Y`, `Z`, `name`) VALUES
(1, -11.2, 1.4, -1.2, '61 Cygni'),
(2, -82, -14.4, 1.6, 'Aiabiko'),
(3, -12.4, 11, -2.8, 'Altair'),
(4, -77.6, -10.5, -6.5, 'Chemaku'),
(5, -82.4, -9, 3.8, 'Ciguru'),
(6, -16.2, -10.5, -1.7, 'Eta Cassiopeiae'),
(7, -10, -5, -3.8, 'Groombridge 34'),
(8, -73, -8.2, 13.2, 'Hach'),
(9, -87.3, 6.4, -10.5, 'HR 8170'),
(10, -84, 3.2, -9.2, 'Hu Jona'),
(11, -70.5, -7, -3.3, 'LFT 1664'),
(12, NULL, NULL, NULL, 'LHS 3781'),
(13, -76.6, -10.8, 11, 'LHS 64'),
(14, NULL, NULL, NULL, 'LP 816-60'),
(15, NULL, NULL, NULL, 'Maujinagoto'),
(16, -67.3, 3, -11.5, 'Nammu'),
(17, NULL, NULL, NULL, 'Nanter'),
(18, -64.6, 3.2, -29.2, 'NLTT 53690'),
(19, -62.8, 5, -19, 'Notus'),
(20, NULL, NULL, NULL, 'Posenoi'),
(21, -70.4, -15.8, 10, 'Ross 210'),
(22, NULL, NULL, NULL, 'Ross 671'),
(23, NULL, NULL, NULL, 'Ross 765'),
(24, NULL, NULL, NULL, 'Ross 775'),
(25, NULL, NULL, NULL, 'Uchagan'),
(26, NULL, NULL, NULL, 'Skollung'),
(27, -65.2, 7.8, -8.5, 'Tau Cygni'),
(28, -63.6, 0, -10, 'Tupa'),
(29, NULL, NULL, NULL, 'V374 Pegasi'),
(30, -62, 5, -19.5, 'V402 Pegasi'),
(31, NULL, NULL, NULL, 'Umbrigua'),
(32, 0, 0, 0, 'Sol'),
(33, NULL, NULL, NULL, 'Wise 1506+7027'),
(34, NULL, NULL, NULL, 'Luyten 205-128'),
(35, NULL, NULL, NULL, 'Delta Pavonis'),
(36, NULL, NULL, NULL, 'LHS 449'),
(37, NULL, NULL, NULL, 'Epsilon Indi'),
(38, -3, 5, 1.4, 'Barnard''s Star'),
(65, 6.6, 2, -2.2, 'Wise 0855-0714'),
(66, 14.2, 3.2, 1.2, 'Mildeptu'),
(67, 6.2, -9.2, 2.6, 'Procyon'),
(68, 6.2, -5.8, -1.2, 'Sirius');


-- --------------------------------------------------------

--
-- Structure de la table `stations`
--

CREATE TABLE IF NOT EXISTS `stations` (
  `idStation` bigint(20) NOT NULL AUTO_INCREMENT,
  `distance` int(11) NOT NULL,
  `isBlackMarket` bit(1) NOT NULL,
  `isMarket` bit(1) NOT NULL,
  `isOutfitting` bit(1) NOT NULL,
  `isShipyard` bit(1) NOT NULL,
  `name` varchar(255) NOT NULL,
  `idSolarSystem` bigint(20) NOT NULL,
  PRIMARY KEY (`idStation`),
  UNIQUE KEY `UK_17uxtn7pwq4xr3ng1swmihbrp` (`name`),
  KEY `FK_sedox8rgwae2tcgks8eurklb3` (`idSolarSystem`)
) ENGINE=InnoDB  DEFAULT CHARSET=latin1 AUTO_INCREMENT=70 ;

--
-- Contenu de la table `stations`
--

INSERT INTO `stations` (`idStation`, `distance`, `isBlackMarket`, `isMarket`, `isOutfitting`, `isShipyard`, `name`, `idSolarSystem`) VALUES
(1, 0, b'1', b'1', b'0', b'0', 'Broglie terminal', 1),
(2, 0, b'0', b'1', b'0', b'1', 'Gooch terminal', 2),
(3, 0, b'0', b'1', b'0', b'0', 'Weston dock', 2),
(4, 0, b'1', b'1', b'0', b'1', 'White orbital', 2),
(5, 0, b'1', b'1', b'0', b'0', 'Solo orbiter', 3),
(6, 0, b'1', b'1', b'0', b'1', 'Crampton port', 4),
(7, 0, b'0', b'1', b'0', b'0', 'Ewald city', 4),
(8, 0, b'0', b'1', b'0', b'1', 'Lawson station', 4),
(9, 0, b'0', b'1', b'0', b'0', 'Hui mines', 5),
(10, 0, b'0', b'1', b'0', b'0', 'Angus Manwaring', 6),
(11, 0, b'0', b'1', b'0', b'0', 'J.F.Kennedy', 6),
(12, 0, b'0', b'1', b'0', b'0', 'Jones estate', 7),
(13, 0, b'0', b'1', b'0', b'0', 'Evans city', 8),
(14, 0, b'1', b'0', b'0', b'0', 'Galilei station', 8),
(15, 0, b'0', b'1', b'0', b'0', 'Zudov orbital', 8),
(16, 0, b'0', b'1', b'0', b'0', 'Fiennes vision', 9),
(17, 0, b'0', b'1', b'0', b'1', 'Hyecho terminal', 10),
(18, 0, b'1', b'1', b'0', b'1', 'Rowley terminal', 10),
(19, 0, b'0', b'1', b'0', b'1', 'Russell station', 10),
(20, 0, b'0', b'1', b'0', b'0', 'Teng-hui colony', 11),
(21, 0, b'1', b'1', b'0', b'1', 'Shull settlement', 11),
(22, 0, b'1', b'1', b'0', b'0', 'Lawson prospect', 12),
(23, 0, b'0', b'1', b'0', b'0', 'Grabe resort', 12),
(24, 0, b'0', b'1', b'0', b'0', 'McArthur colony', 13),
(25, 0, b'0', b'1', b'0', b'0', 'Wiberg hanger', 13),
(26, 0, b'0', b'1', b'0', b'0', 'Garratt landing', 14),
(27, 0, b'0', b'1', b'0', b'0', 'Moore platform', 14),
(28, 0, b'0', b'1', b'0', b'0', 'Gooch hub', 15),
(29, 0, b'0', b'1', b'0', b'0', 'Romanenko horizons', 16),
(30, 0, b'0', b'1', b'0', b'0', 'Sherrington camp', 16),
(31, 0, b'0', b'1', b'0', b'0', 'Bohm plant', 17),
(32, 0, b'0', b'1', b'0', b'1', 'Garan ring', 18),
(33, 0, b'1', b'1', b'0', b'1', 'Thagard terminal', 18),
(34, 0, b'1', b'1', b'0', b'1', 'McDaniel dock', 19),
(35, 0, b'0', b'1', b'0', b'0', 'Koch port', 20),
(36, 0, b'0', b'1', b'0', b'0', 'Zhigang plant', 20),
(37, 0, b'0', b'1', b'0', b'0', 'Lunan dock', 21),
(38, 0, b'0', b'1', b'0', b'1', 'Tokubei ring', 21),
(39, 0, b'0', b'1', b'0', b'0', 'Swift gateway', 21),
(40, 0, b'1', b'1', b'0', b'1', 'Chebyshev ring', 21),
(41, 0, b'0', b'1', b'0', b'1', 'Lanier orbital', 21),
(42, 0, b'0', b'1', b'0', b'0', 'Quinn dock', 21),
(43, 0, b'1', b'1', b'0', b'0', 'Thomson terminal', 22),
(44, 0, b'1', b'1', b'0', b'1', 'Melroy port', 23),
(45, 0, b'0', b'1', b'0', b'0', 'Pogue platform', 23),
(46, 0, b'1', b'1', b'0', b'1', 'Gamow gateway', 24),
(47, 0, b'0', b'1', b'0', b'1', 'Gagarin camp', 25),
(48, 0, b'0', b'1', b'0', b'0', 'Melvin hub', 26),
(49, 0, b'1', b'1', b'0', b'0', 'Crippen dock', 27),
(50, 0, b'0', b'1', b'0', b'0', 'Kavandi refinery', 27),
(51, 0, b'1', b'1', b'0', b'0', 'Leopold reserve', 28),
(52, 0, b'0', b'1', b'0', b'0', 'Mackellar hub', 29),
(53, 0, b'0', b'1', b'0', b'0', 'Georg Bothe city', 30),
(54, 0, b'1', b'1', b'0', b'1', 'Leeuwenhoek orbital', 30),
(55, 0, b'0', b'1', b'0', b'0', 'Tokubei Station', 31),
(56, 0, b'0', b'1', b'0', b'1', 'Abraham Lincoln', 32),
(57, 0, b'1', b'1', b'0', b'0', 'Li Qing Jao', 32),
(58, 0, b'1', b'1', b'0', b'1', 'Dobrovoloskiy Enterprise', 33),
(59, 0, b'0', b'1', b'0', b'0', 'Boston Base', 38),
(60, 0, b'0', b'1', b'0', b'0', 'Robin''s High', 34),
(61, 0, b'0', b'1', b'0', b'0', 'H.G. Wells Hub', 34),
(62, 0, b'1', b'1', b'0', b'1', 'Hooper Relay', 35),
(63, 0, b'1', b'1', b'0', b'0', 'Perry Station', 36),
(64, 0, b'0', b'1', b'0', b'0', 'Schneider Relay', 37),
(65, 0, b'0', b'1', b'0', b'1', 'Galileo', 32),
(66, 930, b'0', b'0', b'0', b'0', 'Yamazaki landing', 65),
(68, 115630, b'1', b'1', b'0', b'1', 'Buchli city', 66),
(69, 10558, b'1', b'1', b'1', b'1', 'Cormack hub', 67);


-- --------------------------------------------------------

--
-- Structure de la table `goods_categories`
--

CREATE TABLE IF NOT EXISTS `goods_categories` (
  `idGoodsCategory` bigint(20) NOT NULL,
  `name` varchar(255) NOT NULL,
  PRIMARY KEY (`idGoodsCategory`),
  UNIQUE KEY `UK_h92xrsw84fb32gcwhc8cwa88o` (`name`)
) ENGINE=InnoDB DEFAULT CHARSET=latin1;

--
-- Contenu de la table `goods_categories`
--

INSERT INTO `goods_categories` (`idGoodsCategory`, `name`) VALUES
(1, 'Chemicals'),
(2, 'Consumer items'),
(3, 'Foods'),
(4, 'Industrial materials'),
(5, 'Legal drugs'),
(6, 'Machinery'),
(7, 'Medicines'),
(8, 'Metals'),
(9, 'Minerals'),
(10, 'Slaves'),
(11, 'Technology'),
(12, 'Textiles'),
(13, 'Waste'),
(14, 'Weapons');

-- --------------------------------------------------------

--
-- Structure de la table `goods_designations`
--

CREATE TABLE IF NOT EXISTS `goods_designations` (
  `idGoodsDesignation` bigint(20) NOT NULL AUTO_INCREMENT,
  `name` varchar(255) DEFAULT NULL,
  `idGoodsCategory` bigint(20) DEFAULT NULL,
  PRIMARY KEY (`idGoodsDesignation`),
  UNIQUE KEY `UK_rc9u7umagmn8qcn4hfocjkxh2` (`name`),
  KEY `FK_ih6i8npbv4at0fq1iggfc9ahx` (`idGoodsCategory`)
) ENGINE=InnoDB  DEFAULT CHARSET=latin1 AUTO_INCREMENT=82 ;

--
-- Contenu de la table `goods_designations`
--

INSERT INTO `goods_designations` (`idGoodsDesignation`, `name`, `idGoodsCategory`) VALUES
(1, 'Explosives', 1),
(2, 'Hydrogen fuel', 1),
(3, 'Mineral oil', 1),
(4, 'Pesticides', 1),
(5, 'Clothing', 2),
(6, 'Consumer technology', 2),
(7, 'Dom. appliances', 2),
(8, 'Algae', 3),
(9, 'Animal meat', 3),
(10, 'Coffee', 3),
(11, 'Fish', 3),
(12, 'Food cartridges', 3),
(13, 'Fruit and vegetables', 3),
(14, 'Grain', 3),
(15, 'Synthetic meat', 3),
(16, 'Tea', 3),
(17, 'Polymers', 4),
(18, 'Semiconductors', 4),
(19, 'Superconductors', 4),
(20, 'Beer', 5),
(21, 'Liquor', 5),
(22, 'Narcotics', 5),
(23, 'Tobacco', 5),
(24, 'Wine', 5),
(25, 'Atmospheric processor', 6),
(26, 'Crop Harvesters', 6),
(27, 'Hel-static furnaces', 6),
(28, 'Marine equipment', 6),
(29, 'Mineral extractors', 6),
(30, 'Microbial furnaces', 6),
(31, 'Power generators', 6),
(32, 'Water purifiers', 6),
(33, 'Agri-medicines', 7),
(34, 'Basic medicines', 7),
(35, 'Combat stabilisers', 7),
(36, 'Performance enhancers', 7),
(37, 'Progenitor cells', 7),
(38, 'Aluminium', 8),
(39, 'Beryllium', 8),
(40, 'Cobalt', 8),
(41, 'Copper', 8),
(42, 'Gallium', 8),
(43, 'Gold', 8),
(44, 'Indium', 8),
(45, 'Lithium', 8),
(46, 'Palladium', 8),
(47, 'Platinum', 8),
(48, 'Silver', 8),
(49, 'Tantalum', 8),
(50, 'Titanium', 8),
(51, 'Uranium', 8),
(52, 'Bauxite', 9),
(53, 'Bertrandite', 9),
(54, 'Coltan', 9),
(55, 'Gallite', 9),
(56, 'Indite', 9),
(57, 'Lepidolite', 9),
(58, 'Rutile', 9),
(59, 'Uraninite', 9),
(60, 'Imperial slaves', 10),
(61, 'Slaves', 10),
(62, 'Advanced catalysers', 11),
(63, 'Animal monitors', 11),
(64, 'Aquaponic systems', 11),
(65, 'Auto-fabricators', 11),
(66, 'Bioreducing lichen', 11),
(67, 'Computer components', 11),
(68, 'H.E. suits', 11),
(69, 'Land enrichment systems', 11),
(70, 'Resonating separators', 11),
(71, 'Robotics', 11),
(72, 'Leather', 12),
(73, 'Natural fabrics', 12),
(74, 'Synthetic fabrics', 12),
(75, 'Biowaste', 13),
(76, 'Chemical waste', 13),
(77, 'Scrap', 13),
(78, 'Battle weapons', 14),
(79, 'Non-lethal wpns', 14),
(80, 'Personal weapons', 14),
(81, 'Reactive armour', 14);

-- --------------------------------------------------------

--
-- Structure de la table `goods`
--

CREATE TABLE IF NOT EXISTS `goods` (
  `idGoods` bigint(20) NOT NULL AUTO_INCREMENT,
  `lastUpdated` bigint(20) NOT NULL,
  `number` bigint(20) NOT NULL,
  `price` int(11) NOT NULL,
  `priority` int(11) NOT NULL,
  `supplyOrDemand` int(11) NOT NULL,
  `idGoodsDesignation` bigint(20) NOT NULL,
  `idStation` bigint(20) NOT NULL,
  PRIMARY KEY (`idGoods`),
  KEY `FK_hh6yhm08j7r39j8cfvv92xbaw` (`idGoodsDesignation`),
  KEY `FK_j83vdxc6jcmtvaybwi0t81bqf` (`idStation`)
) ENGINE=InnoDB  DEFAULT CHARSET=latin1 AUTO_INCREMENT=3386 ;

--
-- Contenu de la table `goods`
--

INSERT INTO `goods` (`idGoods`, `lastUpdated`, `number`, `price`, `priority`, `supplyOrDemand`, `idGoodsDesignation`, `idStation`) VALUES
(1, 1421459927058, 0, 204, 2, 1, 1, 1),
(2, 1421459927102, 0, 106, 2, 1, 2, 1),
(3, 1421459927110, 0, 314, 2, 2, 3, 1),
(4, 1421459927150, 0, 359, 2, 2, 5, 1),
(5, 1421459927154, 0, 6576, 1, 2, 6, 1),
(6, 1421459927158, 0, 529, 1, 2, 7, 1),
(7, 1421459927166, 0, 136, 1, 2, 8, 1),
(8, 1421459927170, 0, 1598, 2, 2, 9, 1),
(9, 1421459927174, 0, 1578, 2, 2, 10, 1),
(10, 1421459927182, 0, 548, 2, 2, 11, 1),
(11, 1421459927190, 0, 62, 2, 1, 12, 1),
(12, 1421459927194, 0, 455, 2, 2, 13, 1),
(13, 1421459927202, 0, 257, 2, 2, 14, 1),
(14, 1421459927210, 0, 253, 1, 2, 15, 1),
(15, 1421459927222, 0, 1795, 2, 2, 16, 1),
(16, 1421459927230, 0, 71, 2, 1, 17, 1),
(17, 1421459927238, 0, 774, 2, 1, 18, 1),
(18, 1421459927242, 0, 6387, 2, 1, 19, 1),
(19, 1421459927250, 0, 291, 2, 2, 20, 1),
(20, 1421459927262, 0, 832, 2, 2, 21, 1),
(21, 1421459927290, 0, 383, 2, 2, 24, 1),
(22, 1421459927298, 0, 297, 2, 1, 25, 1),
(23, 1421459927302, 0, 1957, 2, 1, 26, 1),
(24, 1421459927310, 0, 3749, 3, 1, 28, 1),
(25, 1421459927322, 0, 200, 1, 2, 29, 1),
(26, 1421459927314, 0, 466, 2, 1, 30, 1),
(27, 1421459927330, 0, 301, 1, 2, 32, 1),
(28, 1421459927350, 0, 239, 2, 1, 34, 1),
(29, 1421459927362, 0, 6576, 1, 2, 36, 1),
(30, 1421459927370, 0, 6576, 1, 2, 37, 1),
(31, 1421459927374, 0, 237, 2, 1, 38, 1),
(32, 1421459927378, 0, 7880, 2, 1, 39, 1),
(33, 1421459927386, 0, 586, 2, 1, 40, 1),
(34, 1421459927390, 0, 365, 2, 1, 41, 1),
(35, 1421459927398, 0, 4889, 2, 1, 42, 1),
(36, 1421459927406, 0, 9182, 2, 1, 43, 1),
(37, 1421459927410, 0, 5632, 2, 1, 44, 1),
(38, 1421459927418, 0, 1399, 2, 1, 45, 1),
(39, 1421459927422, 0, 14119, 2, 2, 46, 1),
(40, 1421459927426, 0, 19576, 2, 2, 47, 1),
(41, 1421459927438, 0, 3687, 2, 1, 49, 1),
(42, 1421459927442, 0, 871, 2, 1, 50, 1),
(43, 1421459927446, 0, 2424, 2, 1, 51, 1),
(44, 1421459927454, 0, 266, 2, 2, 52, 1),
(45, 1421459927458, 0, 2870, 2, 2, 53, 1),
(46, 1421459927462, 0, 1695, 2, 2, 54, 1),
(47, 1421459927466, 0, 2243, 2, 2, 55, 1),
(48, 1421459927470, 0, 2522, 2, 2, 56, 1),
(49, 1421459927474, 0, 774, 2, 2, 57, 1),
(50, 1421459927478, 0, 470, 2, 2, 58, 1),
(51, 1421459927486, 0, 1025, 2, 2, 59, 1),
(52, 1421459927506, 0, 2785, 1, 2, 62, 1),
(53, 1421459927510, 0, 3621, 1, 2, 63, 1),
(54, 1421459927530, 0, 408, 2, 1, 67, 1),
(55, 1421459927538, 0, 412, 3, 2, 68, 1),
(56, 1421459927554, 0, 5756, 1, 2, 70, 1),
(57, 1421459927558, 0, 1770, 1, 2, 71, 1),
(58, 1421459927566, 0, 293, 2, 2, 72, 1),
(59, 1421459927574, 0, 566, 2, 2, 73, 1),
(60, 1421459927578, 0, 112, 2, 1, 74, 1),
(61, 1421459927582, 0, 17, 2, 1, 75, 1),
(62, 1421459927586, 0, 103, 3, 2, 76, 1),
(63, 1421459927594, 0, 71, 1, 2, 77, 1),
(64, 1421459927602, 0, 1770, 1, 2, 79, 1),
(65, 1421459927614, 0, 2013, 1, 2, 81, 1),
(97, 1421459927142, 0, 0, 0, 0, 4, 1),
(98, 1421459927266, 0, 0, 0, 0, 22, 1),
(99, 1421459927286, 0, 0, 0, 0, 23, 1),
(100, 1421459927306, 0, 0, 0, 0, 27, 1),
(101, 1421459927326, 0, 0, 0, 0, 31, 1),
(102, 1421459927346, 0, 0, 0, 0, 33, 1),
(103, 1421459927358, 0, 0, 0, 0, 35, 1),
(104, 1421459927434, 0, 0, 0, 0, 48, 1),
(105, 1421459927494, 0, 0, 0, 0, 60, 1),
(106, 1421459927498, 0, 0, 0, 0, 61, 1),
(107, 1421459927518, 0, 0, 0, 0, 64, 1),
(108, 1421459927522, 0, 0, 0, 0, 65, 1),
(109, 1421459927526, 0, 0, 0, 0, 66, 1),
(110, 1421459927546, 0, 0, 0, 0, 69, 1),
(111, 1421459927598, 0, 0, 0, 0, 78, 1),
(112, 1421459927606, 0, 0, 0, 0, 80, 1),
(129, 1421663935579, 0, 119, 2, 1, 2, 2),
(130, 1421663935619, 0, 269, 2, 1, 5, 2),
(131, 1421663935625, 0, 7346, 2, 2, 6, 2),
(132, 1421663935631, 0, 484, 2, 1, 7, 2),
(133, 1421663935638, 0, 243, 2, 2, 8, 2),
(134, 1421663935644, 0, 1537, 2, 2, 9, 2),
(135, 1421663935649, 0, 1537, 2, 2, 10, 2),
(136, 1421663935656, 0, 542, 2, 2, 11, 2),
(137, 1421663935662, 0, 65, 3, 1, 12, 2),
(138, 1421663935668, 0, 429, 2, 2, 13, 2),
(139, 1421663935674, 0, 304, 2, 2, 14, 2),
(140, 1421663935680, 0, 386, 3, 2, 15, 2),
(141, 1421663935687, 0, 1729, 2, 2, 16, 2),
(142, 1421663935692, 0, 230, 2, 2, 17, 2),
(143, 1421663935698, 0, 1161, 3, 2, 18, 2),
(144, 1421663935706, 0, 7493, 3, 2, 19, 2),
(145, 1421663935711, 0, 241, 2, 2, 20, 2),
(146, 1421663935717, 0, 722, 2, 2, 21, 2),
(147, 1421663935722, 0, 324, 2, 2, 24, 2),
(148, 1421663935726, 0, 278, 3, 1, 25, 2),
(149, 1421663935731, 0, 2099, 2, 1, 26, 2),
(150, 1421663935735, 0, 3825, 3, 1, 28, 2),
(151, 1421663935741, 0, 437, 3, 1, 30, 2),
(152, 1421663935746, 0, 385, 3, 1, 31, 2),
(153, 1421663935751, 0, 278, 1, 1, 32, 2),
(154, 1421663935757, 0, 201, 3, 1, 34, 2),
(155, 1421663935763, 0, 7249, 2, 2, 36, 2),
(156, 1421663935769, 0, 7024, 2, 2, 37, 2),
(157, 1421663935774, 0, 461, 3, 2, 38, 2),
(158, 1421663935780, 0, 9073, 3, 2, 39, 2),
(159, 1421663935786, 0, 660, 3, 2, 40, 2),
(160, 1421663935791, 0, 660, 3, 2, 41, 2),
(161, 1421663935800, 0, 5818, 3, 2, 42, 2),
(162, 1421663935806, 0, 10313, 3, 2, 43, 2),
(163, 1421663935812, 0, 6602, 3, 2, 44, 2),
(164, 1421663935819, 0, 1937, 3, 2, 45, 2),
(165, 1421663935823, 0, 14231, 3, 2, 46, 2),
(166, 1421663935829, 0, 19556, 3, 2, 47, 2),
(167, 1421663935836, 0, 5464, 3, 2, 48, 2),
(168, 1421663935843, 0, 4187, 2, 2, 49, 2),
(169, 1421663935847, 0, 1278, 3, 2, 50, 2),
(170, 1421663935852, 0, 3128, 3, 2, 51, 2),
(171, 1421663935858, 0, 4255, 3, 2, 65, 2),
(172, 1421663935865, 0, 385, 3, 1, 67, 2),
(173, 1421663935870, 0, 343, 2, 2, 68, 2),
(174, 1421663935876, 0, 1970, 2, 2, 71, 2),
(175, 1421663935882, 0, 235, 2, 2, 72, 2),
(176, 1421663935888, 0, 576, 3, 2, 73, 2),
(177, 1421663935895, 0, 293, 3, 2, 74, 2),
(178, 1421663935900, 0, 30, 1, 1, 75, 2),
(179, 1421663935907, 0, 33, 3, 1, 77, 2),
(180, 1421663935915, 0, 1970, 2, 2, 79, 2),
(181, 1421663935923, 0, 2229, 2, 2, 81, 2),
(182, 1421663949309, 0, 119, 2, 1, 2, 3),
(183, 1421663949314, 0, 293, 1, 1, 5, 3),
(184, 1421663949319, 0, 7024, 2, 2, 6, 3),
(185, 1421663949325, 0, 524, 1, 1, 7, 3),
(186, 1421663949330, 0, 222, 2, 2, 8, 3),
(187, 1421663949333, 0, 1627, 3, 2, 9, 3),
(188, 1421663949336, 0, 1515, 2, 2, 10, 3),
(189, 1421663949340, 0, 805, 2, 2, 11, 3),
(190, 1421663949343, 0, 47, 3, 1, 12, 3),
(191, 1421663949347, 0, 437, 2, 2, 13, 3),
(192, 1421663949352, 0, 213, 1, 2, 14, 3),
(193, 1421663949360, 0, 318, 2, 2, 15, 3),
(194, 1421663949365, 0, 1826, 2, 2, 16, 3),
(195, 1421663949371, 0, 270, 3, 2, 17, 3),
(196, 1421663949377, 0, 1022, 2, 2, 18, 3),
(197, 1421663949382, 0, 7493, 3, 2, 19, 3),
(198, 1421663949386, 0, 181, 1, 2, 20, 3),
(199, 1421663949392, 0, 721, 2, 2, 21, 3),
(200, 1421663949397, 0, 259, 1, 2, 24, 3),
(201, 1421663949401, 0, 315, 2, 1, 25, 3),
(202, 1421663949407, 0, 2257, 1, 1, 26, 3),
(203, 1421663949412, 0, 3825, 3, 1, 28, 3),
(204, 1421663949415, 0, 437, 3, 1, 30, 3),
(205, 1421663949419, 0, 385, 3, 1, 31, 3),
(206, 1421663949424, 0, 278, 1, 1, 32, 3),
(207, 1421663949428, 0, 293, 1, 1, 34, 3),
(208, 1421663949432, 0, 7024, 2, 2, 36, 3),
(209, 1421663949436, 0, 7024, 2, 2, 37, 3),
(210, 1421663949441, 0, 486, 3, 2, 38, 3),
(211, 1421663949446, 0, 8496, 2, 2, 39, 3),
(212, 1421663949450, 0, 807, 2, 2, 40, 3),
(213, 1421663949455, 0, 661, 3, 2, 41, 3),
(214, 1421663949461, 0, 5818, 3, 2, 42, 3),
(215, 1421663949466, 0, 9721, 2, 2, 43, 3),
(216, 1421663949471, 0, 6088, 2, 2, 44, 3),
(217, 1421663949479, 0, 1734, 2, 2, 45, 3),
(218, 1421663949486, 0, 13517, 2, 2, 46, 3),
(219, 1421663949492, 0, 18806, 2, 2, 47, 3),
(220, 1421663949498, 0, 5060, 2, 2, 48, 3),
(221, 1421663949502, 0, 4529, 3, 2, 49, 3),
(222, 1421663949508, 0, 1288, 3, 2, 50, 3),
(223, 1421663949514, 0, 2859, 2, 2, 51, 3),
(224, 1421663949518, 0, 4039, 2, 2, 65, 3),
(225, 1421663949525, 0, 385, 3, 1, 67, 3),
(226, 1421663949529, 0, 343, 2, 2, 68, 3),
(227, 1421663949535, 0, 1970, 2, 2, 71, 3),
(228, 1421663949542, 0, 181, 1, 2, 72, 3),
(229, 1421663949548, 0, 526, 2, 2, 73, 3),
(230, 1421663949559, 0, 286, 2, 2, 74, 3),
(231, 1421663949570, 0, 30, 1, 1, 75, 3),
(232, 1421663949577, 0, 33, 3, 1, 77, 3),
(233, 1421663949583, 0, 1970, 2, 2, 79, 3),
(234, 1421663949588, 0, 2229, 2, 2, 81, 3),
(235, 1421663962326, 0, 119, 2, 1, 2, 4),
(236, 1421663962330, 0, 285, 2, 1, 5, 4),
(237, 1421663962333, 0, 7024, 2, 2, 6, 4),
(238, 1421663962336, 0, 524, 1, 1, 7, 4),
(239, 1421663962340, 0, 255, 3, 2, 8, 4),
(240, 1421663962343, 0, 1497, 2, 2, 9, 4),
(241, 1421663962346, 0, 1398, 2, 2, 10, 4),
(242, 1421663962349, 0, 664, 1, 2, 11, 4),
(243, 1421663962353, 0, 47, 3, 1, 12, 4),
(244, 1421663962358, 0, 467, 3, 2, 13, 4),
(245, 1421663962363, 0, 213, 1, 2, 14, 4),
(246, 1421663962368, 0, 318, 2, 2, 15, 4),
(247, 1421663962372, 0, 1700, 2, 2, 16, 4),
(248, 1421663962378, 0, 270, 3, 2, 17, 4),
(249, 1421663962386, 0, 1082, 2, 2, 18, 4),
(250, 1421663962391, 0, 7288, 2, 2, 19, 4),
(251, 1421663962396, 0, 295, 3, 2, 20, 4),
(252, 1421663962403, 0, 730, 2, 2, 21, 4),
(253, 1421663962410, 0, 320, 2, 2, 24, 4),
(254, 1421663962416, 0, 278, 3, 1, 25, 4),
(255, 1421663962421, 0, 2161, 2, 1, 26, 4),
(256, 1421663962427, 0, 3825, 3, 1, 28, 4),
(257, 1421663962436, 0, 437, 3, 1, 30, 4),
(258, 1421663962440, 0, 524, 1, 1, 31, 4),
(259, 1421663962445, 0, 188, 3, 1, 32, 4),
(260, 1421663962450, 0, 293, 1, 1, 34, 4),
(261, 1421663962454, 0, 7024, 2, 2, 36, 4),
(262, 1421663962459, 0, 7024, 2, 2, 37, 4),
(263, 1421663962463, 0, 410, 2, 2, 38, 4),
(264, 1421663962467, 0, 8508, 2, 2, 39, 4),
(265, 1421663962472, 0, 857, 2, 2, 40, 4),
(266, 1421663962476, 0, 587, 2, 2, 41, 4),
(267, 1421663962480, 0, 5764, 3, 2, 42, 4),
(268, 1421663962485, 0, 10313, 3, 2, 43, 4),
(269, 1421663962491, 0, 6431, 2, 2, 44, 4),
(270, 1421663962500, 0, 1911, 3, 2, 45, 4),
(271, 1421663962509, 0, 13808, 2, 2, 46, 4),
(272, 1421663962513, 0, 18806, 2, 2, 47, 4),
(273, 1421663962519, 0, 5464, 3, 2, 48, 4),
(274, 1421663962524, 0, 4529, 3, 2, 49, 4),
(275, 1421663962528, 0, 1218, 2, 2, 50, 4),
(276, 1421663962536, 0, 3089, 3, 2, 51, 4),
(277, 1421663962543, 0, 4026, 2, 2, 65, 4),
(278, 1421663962551, 0, 385, 3, 1, 67, 4),
(279, 1421663962558, 0, 343, 2, 2, 68, 4),
(280, 1421663962563, 0, 1970, 2, 2, 71, 4),
(281, 1421663962569, 0, 242, 2, 2, 72, 4),
(282, 1421663962575, 0, 460, 2, 2, 73, 4),
(283, 1421663962584, 0, 273, 2, 2, 74, 4),
(284, 1421663962591, 0, 30, 1, 1, 75, 4),
(285, 1421663962597, 0, 33, 3, 1, 77, 4),
(286, 1421663962604, 0, 1970, 2, 2, 79, 4),
(287, 1421663962607, 0, 2230, 2, 2, 81, 4),
(288, 1421663970362, 0, 220, 2, 1, 1, 5),
(289, 1421663970365, 0, 94, 3, 1, 2, 5),
(290, 1421663970367, 0, 326, 3, 2, 3, 5),
(291, 1421663970371, 0, 251, 2, 1, 5, 5),
(292, 1421663970375, 0, 6576, 1, 2, 6, 5),
(293, 1421663970378, 0, 529, 1, 2, 7, 5),
(294, 1421663970382, 0, 266, 3, 2, 8, 5),
(295, 1421663970388, 0, 1637, 3, 2, 9, 5),
(296, 1421663970390, 0, 1637, 3, 2, 10, 5),
(297, 1421663970393, 0, 585, 3, 2, 11, 5),
(298, 1421663970395, 0, 62, 2, 1, 12, 5),
(299, 1421663970397, 0, 476, 3, 2, 13, 5),
(300, 1421663970401, 0, 343, 3, 2, 14, 5),
(301, 1421663970405, 0, 253, 1, 2, 15, 5),
(302, 1421663970408, 0, 1838, 3, 2, 16, 5),
(303, 1421663970410, 0, 153, 1, 2, 17, 5),
(304, 1421663970412, 0, 892, 1, 2, 18, 5),
(305, 1421663970414, 0, 6576, 1, 2, 19, 5),
(306, 1421663970416, 0, 305, 3, 2, 20, 5),
(307, 1421663970419, 0, 837, 3, 2, 21, 5),
(308, 1421663970423, 0, 397, 3, 2, 24, 5),
(309, 1421663970428, 0, 268, 3, 1, 25, 5),
(310, 1421663970431, 0, 1856, 3, 1, 26, 5),
(311, 1421663970435, 0, 3736, 3, 1, 28, 5),
(312, 1421663970439, 0, 200, 1, 2, 29, 5),
(313, 1421663970443, 0, 428, 3, 1, 30, 5),
(314, 1421663970448, 0, 442, 2, 1, 31, 5),
(315, 1421663970451, 0, 239, 2, 1, 32, 5),
(316, 1421663970455, 0, 194, 3, 1, 34, 5),
(317, 1421663970461, 0, 7517, 3, 2, 36, 5),
(318, 1421663970465, 0, 6576, 1, 2, 37, 5),
(319, 1421663970468, 0, 331, 1, 2, 38, 5),
(320, 1421663970472, 0, 8036, 1, 2, 39, 5),
(321, 1421663970477, 0, 703, 1, 2, 40, 5),
(322, 1421663970480, 0, 474, 1, 2, 41, 5),
(323, 1421663970482, 0, 5040, 1, 2, 42, 5),
(324, 1421663970486, 0, 9185, 1, 2, 43, 5),
(325, 1421663970491, 0, 5756, 1, 2, 44, 5),
(326, 1421663970494, 0, 1559, 1, 2, 45, 5),
(327, 1421663970496, 0, 14267, 3, 2, 46, 5),
(328, 1421663970499, 0, 19736, 3, 2, 47, 5),
(329, 1421663970502, 0, 5013, 2, 2, 48, 5),
(330, 1421663970506, 0, 3937, 2, 1, 49, 5),
(331, 1421663970508, 0, 1007, 1, 2, 50, 5),
(332, 1421663970510, 0, 2609, 1, 2, 51, 5),
(333, 1421663970512, 0, 280, 3, 2, 52, 5),
(334, 1421663970515, 0, 2956, 3, 2, 53, 5),
(335, 1421663970518, 0, 1734, 3, 2, 54, 5),
(336, 1421663970521, 0, 2310, 3, 2, 55, 5),
(337, 1421663970524, 0, 2619, 3, 2, 56, 5),
(338, 1421663970526, 0, 812, 3, 2, 57, 5),
(339, 1421663970528, 0, 495, 3, 2, 58, 5),
(340, 1421663970530, 0, 1171, 3, 2, 59, 5),
(341, 1421663970533, 0, 2785, 1, 2, 62, 5),
(342, 1421663970536, 0, 3621, 1, 2, 65, 5),
(343, 1421663970539, 0, 436, 2, 1, 67, 5),
(344, 1421663970542, 0, 425, 3, 2, 68, 5),
(345, 1421663970544, 0, 5756, 1, 2, 70, 5),
(346, 1421663970546, 0, 1770, 1, 2, 71, 5),
(347, 1421663970551, 0, 305, 3, 2, 72, 5),
(348, 1421663970556, 0, 585, 3, 2, 73, 5),
(349, 1421663970559, 0, 187, 1, 2, 74, 5),
(350, 1421663970565, 0, 14, 3, 1, 75, 5),
(351, 1421663970569, 0, 108, 3, 2, 76, 5),
(352, 1421663970573, 0, 44, 2, 1, 77, 5),
(353, 1421663970578, 0, 0, 1, 2, 79, 5),
(354, 1421663970582, 0, 2013, 1, 2, 81, 5),
(355, 1421663977382, 0, 95, 3, 1, 3, 6),
(356, 1421663977385, 0, 286, 2, 2, 4, 6),
(357, 1421663977387, 0, 467, 3, 2, 5, 6),
(358, 1421663977389, 0, 7024, 2, 2, 6, 6),
(359, 1421663977391, 0, 636, 2, 2, 7, 6),
(360, 1421663977393, 0, 37, 3, 1, 8, 6),
(361, 1421663977396, 0, 1052, 3, 1, 9, 6),
(362, 1421663977399, 0, 1052, 3, 1, 10, 6),
(363, 1421663977403, 0, 276, 3, 1, 11, 6),
(364, 1421663977406, 0, 195, 3, 1, 13, 6),
(365, 1421663977408, 0, 105, 3, 1, 14, 6),
(366, 1421663977410, 0, 1209, 3, 1, 16, 6),
(367, 1421663977412, 0, 112, 2, 1, 20, 6),
(368, 1421663977415, 0, 806, 2, 2, 21, 6),
(369, 1421663977417, 0, 148, 3, 1, 24, 6),
(370, 1421663977419, 0, 576, 3, 2, 25, 6),
(371, 1421663977421, 0, 2442, 2, 2, 26, 6),
(372, 1421663977423, 0, 4291, 2, 2, 28, 6),
(373, 1421663977426, 0, 633, 2, 2, 31, 6),
(374, 1421663977430, 0, 449, 3, 2, 32, 6),
(375, 1421663977432, 0, 1297, 3, 2, 33, 6),
(376, 1421663977434, 0, 467, 3, 2, 34, 6),
(377, 1421663977437, 0, 7024, 2, 2, 36, 6),
(378, 1421663977439, 0, 7024, 2, 2, 37, 6),
(379, 1421663977442, 0, 372, 2, 2, 63, 6),
(380, 1421663977446, 0, 5464, 3, 2, 69, 6),
(381, 1421663977450, 0, 79, 3, 1, 72, 6),
(382, 1421663977452, 0, 278, 3, 1, 73, 6),
(383, 1421663977455, 0, 98, 3, 2, 75, 6),
(384, 1421663977458, 0, 2179, 3, 2, 79, 6),
(385, 1421663977463, 0, 1503, 2, 2, 81, 6),
(386, 1421663985068, 0, 108, 2, 1, 2, 7),
(387, 1421663985071, 0, 236, 2, 1, 5, 7),
(388, 1421663985074, 0, 7051, 2, 2, 6, 7),
(389, 1421663985076, 0, 433, 2, 1, 7, 7),
(390, 1421663985078, 0, 14, 1, 2, 8, 7),
(391, 1421663985080, 0, 1319, 1, 2, 9, 7),
(392, 1421663985082, 0, 1319, 1, 2, 10, 7),
(393, 1421663985084, 0, 420, 1, 2, 11, 7),
(394, 1421663985087, 0, 45, 3, 1, 12, 7),
(395, 1421663985093, 0, 330, 1, 2, 13, 7),
(396, 1421663985097, 0, 219, 1, 2, 14, 7),
(397, 1421663985101, 0, 325, 2, 2, 15, 7),
(398, 1421663985104, 0, 1495, 1, 2, 16, 7),
(399, 1421663985108, 0, 215, 2, 2, 17, 7),
(400, 1421663985111, 0, 1086, 2, 2, 18, 7),
(401, 1421663985115, 0, 7288, 2, 2, 19, 7),
(402, 1421663985119, 0, 268, 2, 2, 20, 7),
(403, 1421663985123, 0, 712, 2, 2, 21, 7),
(404, 1421663985126, 0, 337, 2, 2, 24, 7),
(405, 1421663985129, 0, 278, 3, 1, 25, 7),
(406, 1421663985132, 0, 1878, 3, 1, 26, 7),
(407, 1421663985134, 0, 3746, 3, 1, 28, 7),
(408, 1421663985137, 0, 437, 3, 1, 30, 7),
(409, 1421663985140, 0, 385, 3, 1, 31, 7),
(410, 1421663985144, 0, 188, 3, 1, 32, 7),
(411, 1421663985146, 0, 201, 3, 1, 34, 7),
(412, 1421663985149, 0, 7024, 2, 2, 36, 7),
(413, 1421663985152, 0, 7024, 2, 2, 37, 7),
(414, 1421663985155, 0, 438, 2, 2, 38, 7),
(415, 1421663985158, 0, 8855, 2, 2, 39, 7),
(416, 1421663985160, 0, 860, 2, 2, 40, 7),
(417, 1421663985164, 0, 610, 2, 2, 41, 7),
(418, 1421663985168, 0, 5697, 3, 2, 42, 7),
(419, 1421663985170, 0, 10068, 2, 2, 43, 7),
(420, 1421663985173, 0, 6421, 2, 2, 44, 7),
(421, 1421663985176, 0, 1865, 2, 2, 45, 7),
(422, 1421663985181, 0, 13919, 2, 2, 46, 7),
(423, 1421663985185, 0, 18806, 2, 2, 47, 7),
(424, 1421663985188, 0, 5327, 2, 2, 48, 7),
(425, 1421663985191, 0, 4494, 3, 2, 49, 7),
(426, 1421663985193, 0, 1217, 2, 2, 50, 7),
(427, 1421663985196, 0, 3047, 3, 2, 51, 7),
(428, 1421663985200, 0, 3931, 2, 2, 65, 7),
(429, 1421663985202, 0, 385, 3, 1, 67, 7),
(430, 1421663985204, 0, 343, 2, 2, 68, 7),
(431, 1421663985207, 0, 1970, 2, 2, 71, 7),
(432, 1421663985211, 0, 249, 2, 2, 72, 7),
(433, 1421663985217, 0, 519, 2, 2, 73, 7),
(434, 1421663985219, 0, 265, 2, 2, 74, 7),
(435, 1421663985222, 0, 16, 3, 1, 75, 7),
(436, 1421663985225, 0, 33, 3, 1, 77, 7),
(437, 1421663985228, 0, 1970, 2, 2, 79, 7),
(438, 1421663985231, 0, 2229, 2, 2, 81, 7),
(439, 1421663991056, 0, 204, 2, 1, 2, 8),
(440, 1421663991059, 0, 285, 2, 1, 5, 8),
(441, 1421663991062, 0, 7024, 2, 2, 6, 8),
(442, 1421663991065, 0, 523, 1, 1, 7, 8),
(443, 1421663991068, 0, 255, 3, 2, 8, 8),
(444, 1421663991072, 0, 1425, 2, 2, 9, 8),
(445, 1421663991074, 0, 1421, 2, 2, 10, 8),
(446, 1421663991077, 0, 664, 1, 2, 11, 8),
(447, 1421663991079, 0, 47, 3, 1, 12, 8),
(448, 1421663991082, 0, 467, 3, 2, 13, 8),
(449, 1421663991087, 0, 251, 2, 2, 14, 8),
(450, 1421663991090, 0, 318, 2, 2, 15, 8),
(451, 1421663991093, 0, 1667, 2, 2, 16, 8),
(452, 1421663991095, 0, 270, 3, 2, 17, 8),
(453, 1421663991099, 0, 1087, 2, 2, 18, 8),
(454, 1421663991102, 0, 7218, 2, 2, 19, 8),
(455, 1421663991105, 0, 295, 3, 2, 20, 8),
(456, 1421663991106, 0, 711, 2, 2, 21, 8),
(457, 1421663991109, 0, 388, 3, 2, 24, 8),
(458, 1421663991111, 0, 344, 2, 1, 25, 8),
(459, 1421663991112, 0, 2257, 1, 1, 26, 8),
(460, 1421663991114, 0, 3848, 3, 1, 28, 8),
(461, 1421663991116, 0, 437, 3, 1, 30, 8),
(462, 1421663991118, 0, 366, 3, 1, 31, 8),
(463, 1421663991120, 0, 278, 3, 1, 32, 8),
(464, 1421663991124, 0, 211, 3, 1, 34, 8),
(465, 1421663991127, 0, 7024, 2, 2, 36, 8),
(466, 1421663991129, 0, 7024, 2, 2, 37, 8),
(467, 1421663991131, 0, 411, 2, 2, 38, 8),
(468, 1421663991133, 0, 9073, 3, 2, 39, 8),
(469, 1421663991135, 0, 878, 2, 2, 40, 8),
(470, 1421663991138, 0, 599, 2, 2, 41, 8),
(471, 1421663991142, 0, 5809, 3, 2, 42, 8),
(472, 1421663991145, 0, 10011, 2, 2, 43, 8),
(473, 1421663991148, 0, 6602, 3, 2, 44, 8),
(474, 1421663991151, 0, 1920, 3, 2, 45, 8),
(475, 1421663991155, 0, 14010, 3, 2, 46, 8),
(476, 1421663991160, 0, 18937, 2, 2, 47, 8),
(477, 1421663991163, 0, 5414, 3, 2, 48, 8),
(478, 1421663991167, 0, 4467, 3, 2, 49, 8),
(479, 1421663991171, 0, 1209, 2, 2, 50, 8),
(480, 1421663991173, 0, 3128, 3, 2, 51, 8),
(481, 1421663991177, 0, 4255, 3, 2, 65, 8),
(482, 1421663991179, 0, 385, 3, 1, 67, 8),
(483, 1421663991182, 0, 343, 2, 2, 68, 8),
(484, 1421663991187, 0, 2179, 3, 2, 71, 8),
(485, 1421663991190, 0, 220, 2, 2, 72, 8),
(486, 1421663991193, 0, 576, 3, 2, 73, 8),
(487, 1421663991195, 0, 293, 3, 2, 74, 8),
(488, 1421663991198, 0, 30, 1, 1, 75, 8),
(489, 1421663991201, 0, 33, 3, 1, 77, 8),
(490, 1421663991205, 0, 1970, 2, 2, 79, 8),
(491, 1421663991209, 0, 2229, 2, 2, 81, 8),
(492, 1421663997507, 0, 344, 2, 2, 1, 9),
(493, 1421663997510, 0, 203, 1, 1, 2, 9),
(494, 1421663997511, 0, 246, 2, 2, 3, 9),
(495, 1421663997513, 0, 412, 2, 2, 5, 9),
(496, 1421663997515, 0, 7080, 2, 2, 6, 9),
(497, 1421663997516, 0, 733, 3, 2, 7, 9),
(498, 1421663997518, 0, 1296, 1, 2, 9, 9),
(499, 1421663997520, 0, 1120, 3, 1, 10, 9),
(500, 1421663997523, 0, 422, 1, 2, 11, 9),
(501, 1421663997527, 0, 45, 3, 1, 12, 9),
(502, 1421663997531, 0, 318, 1, 2, 13, 9),
(503, 1421663997533, 0, 220, 1, 2, 14, 9),
(504, 1421663997534, 0, 327, 2, 2, 15, 9),
(505, 1421663997536, 0, 1471, 1, 2, 16, 9),
(506, 1421663997538, 0, 56, 3, 1, 17, 9),
(507, 1421663997539, 0, 786, 2, 1, 18, 9),
(508, 1421663997542, 0, 6800, 2, 1, 19, 9),
(509, 1421663997545, 0, 271, 2, 2, 20, 9),
(510, 1421663997549, 0, 377, 3, 2, 21, 9),
(511, 1421663997552, 0, 5314, 3, 2, 23, 9),
(512, 1421663997556, 0, 339, 2, 2, 24, 9),
(513, 1421663997560, 0, 262, 2, 2, 29, 9),
(514, 1421663997564, 0, 729, 2, 2, 30, 9),
(515, 1421663997567, 0, 652, 2, 2, 31, 9),
(516, 1421663997569, 0, 396, 2, 2, 32, 9),
(517, 1421663997572, 0, 430, 3, 2, 34, 9),
(518, 1421663997576, 0, 7365, 2, 2, 36, 9),
(519, 1421663997579, 0, 7083, 2, 2, 37, 9),
(520, 1421663997581, 0, 213, 3, 1, 38, 9),
(521, 1421663997583, 0, 8433, 1, 1, 39, 9),
(522, 1421663997585, 0, 541, 3, 1, 40, 9),
(523, 1421663997586, 0, 335, 3, 1, 41, 9),
(524, 1421663997588, 0, 5335, 1, 1, 42, 9),
(525, 1421663997591, 0, 9978, 1, 1, 43, 9),
(526, 1421663997594, 0, 6096, 2, 1, 44, 9),
(527, 1421663997597, 0, 1660, 1, 1, 45, 9),
(528, 1421663997600, 0, 13866, 1, 1, 46, 9),
(529, 1421663997602, 0, 5044, 1, 1, 48, 9),
(530, 1421663997604, 0, 3999, 1, 1, 49, 9),
(531, 1421663997607, 0, 897, 2, 1, 50, 9),
(532, 1421663997609, 0, 2687, 1, 1, 51, 9),
(533, 1421663997611, 0, 164, 1, 2, 52, 9),
(534, 1421663997613, 0, 2320, 2, 1, 53, 9),
(535, 1421663997615, 0, 1259, 2, 1, 54, 9),
(536, 1421663997616, 0, 1770, 2, 1, 55, 9),
(537, 1421663997618, 0, 1932, 2, 1, 56, 9),
(538, 1421663997621, 0, 496, 2, 1, 57, 9),
(539, 1421663997624, 0, 215, 3, 1, 58, 9),
(540, 1421663997626, 0, 708, 3, 1, 59, 9),
(541, 1421663997628, 0, 10951, 1, 2, 60, 9),
(542, 1421663997630, 0, 3073, 2, 2, 62, 9),
(543, 1421663997632, 0, 1092, 2, 2, 66, 9),
(544, 1421663997634, 0, 346, 2, 2, 68, 9),
(545, 1421663997636, 0, 6218, 2, 2, 70, 9),
(546, 1421663997638, 0, 87, 3, 1, 74, 9),
(547, 1421663997641, 0, 27, 1, 1, 75, 9),
(548, 1421663997645, 0, 127, 2, 2, 76, 9),
(549, 1421663997648, 0, 123, 3, 2, 77, 9),
(550, 1421663997649, 0, 1999, 2, 2, 79, 9),
(551, 1421663997651, 0, 2274, 2, 2, 81, 9),
(552, 1421664005120, 0, 144, 2, 2, 2, 10),
(553, 1421664005124, 0, 144, 2, 1, 3, 10),
(554, 1421664005127, 0, 363, 3, 2, 4, 10),
(555, 1421664005129, 0, 476, 3, 2, 5, 10),
(556, 1421664005131, 0, 7527, 3, 2, 6, 10),
(557, 1421664005132, 0, 737, 3, 2, 7, 10),
(558, 1421664005134, 0, 63, 2, 1, 8, 10),
(559, 1421664005137, 0, 1326, 1, 1, 9, 10),
(560, 1421664005139, 0, 1237, 2, 1, 10, 10),
(561, 1421664005140, 0, 384, 1, 1, 11, 10),
(562, 1421664005142, 0, 258, 2, 1, 13, 10),
(563, 1421664005145, 0, 164, 2, 1, 14, 10),
(564, 1421664005147, 0, 1472, 2, 1, 16, 10),
(565, 1421664005150, 0, 123, 2, 1, 20, 10),
(566, 1421664005152, 0, 631, 1, 1, 21, 10),
(567, 1421664005155, 0, 211, 2, 1, 24, 10),
(568, 1421664005158, 0, 501, 2, 2, 25, 10),
(569, 1421664005162, 0, 2623, 3, 2, 26, 10),
(570, 1421664005166, 0, 4512, 2, 2, 28, 10),
(571, 1421664005170, 0, 640, 2, 2, 31, 10),
(572, 1421664005173, 0, 429, 2, 2, 32, 10),
(573, 1421664005175, 0, 1308, 3, 2, 33, 10),
(574, 1421664005177, 0, 401, 2, 2, 34, 10),
(575, 1421664005179, 0, 7438, 2, 2, 36, 10),
(576, 1421664005182, 0, 7527, 3, 2, 37, 10),
(577, 1421664005187, 0, 458, 3, 2, 63, 10),
(578, 1421664005190, 0, 426, 3, 2, 64, 10),
(579, 1421664005192, 0, 5130, 2, 2, 69, 10),
(580, 1421664005194, 0, 123, 2, 1, 72, 10),
(581, 1421664005197, 0, 369, 2, 1, 73, 10),
(582, 1421664005200, 0, 87, 2, 2, 75, 10),
(583, 1421664005203, 0, 2074, 2, 2, 79, 10),
(584, 1421664005205, 0, 2462, 3, 2, 81, 10),
(585, 1421664011358, 0, 124, 1, 1, 2, 11),
(586, 1421664011360, 0, 144, 2, 1, 3, 11),
(587, 1421664011363, 0, 363, 3, 2, 4, 11),
(588, 1421664011366, 0, 476, 3, 2, 5, 11),
(589, 1421664011368, 0, 7527, 3, 2, 6, 11),
(590, 1421664011370, 0, 737, 3, 2, 7, 11),
(591, 1421664011372, 0, 71, 1, 1, 8, 11),
(592, 1421664011374, 0, 1328, 1, 1, 9, 11),
(593, 1421664011377, 0, 1326, 1, 1, 10, 11),
(594, 1421664011379, 0, 384, 1, 1, 11, 11),
(595, 1421664011382, 0, 288, 1, 1, 13, 11),
(596, 1421664011387, 0, 155, 2, 1, 14, 11),
(597, 1421664011389, 0, 1507, 1, 1, 16, 11),
(598, 1421664011392, 0, 123, 2, 1, 20, 11),
(599, 1421664011394, 0, 631, 1, 1, 21, 11),
(600, 1421664011396, 0, 210, 2, 1, 24, 11),
(601, 1421664011398, 0, 586, 3, 2, 25, 11),
(602, 1421664011399, 0, 2623, 3, 2, 26, 11),
(603, 1421664011401, 0, 4512, 2, 2, 28, 11),
(604, 1421664011402, 0, 640, 2, 2, 31, 11),
(605, 1421664011404, 0, 452, 3, 2, 32, 11),
(606, 1421664011405, 0, 1308, 3, 2, 33, 11),
(607, 1421664011407, 0, 401, 2, 2, 34, 11),
(608, 1421664011409, 0, 7377, 2, 2, 36, 11),
(609, 1421664011412, 0, 7527, 3, 2, 37, 11),
(610, 1421664011415, 0, 458, 3, 2, 63, 11),
(611, 1421664011416, 0, 426, 3, 2, 64, 11),
(612, 1421664011418, 0, 5490, 3, 2, 69, 11),
(613, 1421664011420, 0, 123, 2, 1, 72, 11),
(614, 1421664011422, 0, 369, 2, 1, 73, 11),
(615, 1421664011424, 0, 87, 2, 2, 75, 11),
(616, 1421664011426, 0, 2074, 2, 2, 79, 11),
(617, 1421664011428, 0, 2429, 3, 2, 81, 11),
(618, 1421664017264, 0, 105, 2, 1, 2, 12),
(619, 1421664017267, 0, 134, 2, 1, 4, 12),
(620, 1421664017269, 0, 463, 3, 2, 5, 12),
(621, 1421664017270, 0, 531, 1, 2, 7, 12),
(622, 1421664017272, 0, 1294, 1, 2, 9, 12),
(623, 1421664017274, 0, 1294, 1, 2, 10, 12),
(624, 1421664017276, 0, 406, 1, 2, 11, 12),
(625, 1421664017279, 0, 142, 1, 2, 12, 12),
(626, 1421664017281, 0, 353, 2, 2, 13, 12),
(627, 1421664017284, 0, 209, 1, 2, 14, 12),
(628, 1421664017286, 0, 1468, 1, 2, 16, 12),
(629, 1421664017288, 0, 6601, 1, 2, 19, 12),
(630, 1421664017289, 0, 212, 2, 2, 20, 12),
(631, 1421664017291, 0, 835, 2, 2, 21, 12),
(632, 1421664017292, 0, 316, 2, 2, 24, 12),
(633, 1421664017295, 0, 112, 2, 1, 29, 12),
(634, 1421664017297, 0, 593, 1, 2, 30, 12),
(635, 1421664017300, 0, 531, 1, 2, 31, 12),
(636, 1421664017306, 0, 302, 1, 2, 32, 12),
(637, 1421664017310, 0, 855, 2, 1, 33, 12),
(638, 1421664017313, 0, 245, 2, 1, 34, 12),
(639, 1421664017316, 0, 7024, 1, 1, 37, 12),
(640, 1421664017320, 0, 8066, 1, 2, 39, 12),
(641, 1421664017325, 0, 5059, 1, 2, 42, 12),
(642, 1421664017329, 0, 9219, 1, 2, 43, 12),
(643, 1421664017333, 0, 5778, 1, 2, 44, 12),
(644, 1421664017335, 0, 1565, 1, 2, 45, 12),
(645, 1421664017337, 0, 12892, 1, 2, 46, 12),
(646, 1421664017340, 0, 19650, 3, 2, 47, 12),
(647, 1421664017343, 0, 4734, 1, 2, 48, 12),
(648, 1421664017347, 0, 3882, 1, 2, 49, 12),
(649, 1421664017351, 0, 2619, 1, 2, 51, 12),
(650, 1421664017353, 0, 66, 2, 1, 52, 12),
(651, 1421664017355, 0, 2276, 2, 1, 53, 12),
(652, 1421664017358, 0, 1201, 2, 1, 54, 12),
(653, 1421664017361, 0, 1895, 1, 2, 55, 12),
(654, 1421664017364, 0, 1951, 2, 1, 56, 12),
(655, 1421664017366, 0, 466, 2, 1, 57, 12),
(656, 1421664017369, 0, 332, 1, 2, 58, 12),
(657, 1421664017374, 0, 740, 2, 1, 59, 12),
(658, 1421664017376, 0, 17, 2, 1, 75, 12),
(659, 1421664017379, 0, 36, 2, 1, 77, 12),
(660, 1421664017381, 0, 0, 1, 1, 79, 12),
(661, 1421664017384, 0, 0, 1, 2, 80, 12),
(662, 1421664017388, 0, 1916, 2, 1, 81, 12),
(663, 1421664027109, 0, 310, 1, 2, 1, 13),
(664, 1421664027112, 0, 203, 2, 1, 2, 13),
(665, 1421664027115, 0, 199, 1, 2, 3, 13),
(666, 1421664027117, 0, 326, 1, 2, 5, 13),
(667, 1421664027118, 0, 7069, 2, 2, 6, 13),
(668, 1421664027120, 0, 732, 3, 2, 7, 13),
(669, 1421664027121, 0, 1582, 3, 2, 9, 13),
(670, 1421664027123, 0, 1390, 2, 2, 10, 13),
(671, 1421664027124, 0, 932, 3, 2, 11, 13),
(672, 1421664027126, 0, 251, 3, 2, 12, 13),
(673, 1421664027130, 0, 470, 3, 2, 13, 13),
(674, 1421664027132, 0, 215, 1, 2, 14, 13),
(675, 1421664027136, 0, 320, 2, 2, 15, 13),
(676, 1421664027140, 0, 1837, 3, 2, 16, 13),
(677, 1421664027143, 0, 102, 1, 1, 17, 13),
(678, 1421664027146, 0, 905, 1, 1, 18, 13),
(679, 1421664027149, 0, 0, 1, 1, 19, 13),
(680, 1421664027151, 0, 297, 3, 2, 20, 13),
(681, 1421664027155, 0, 738, 2, 2, 21, 13),
(682, 1421664027157, 0, 265, 1, 2, 24, 13),
(683, 1421664027159, 0, 262, 2, 2, 29, 13),
(684, 1421664027162, 0, 808, 3, 2, 30, 13),
(685, 1421664027163, 0, 567, 2, 2, 31, 13),
(686, 1421664027166, 0, 310, 1, 2, 32, 13),
(687, 1421664027168, 0, 425, 3, 2, 34, 13),
(688, 1421664027170, 0, 7483, 3, 2, 35, 13),
(689, 1421664027173, 0, 7068, 2, 2, 36, 13),
(690, 1421664027177, 0, 310, 1, 1, 38, 13),
(691, 1421664027181, 0, 8588, 1, 1, 39, 13),
(692, 1421664027183, 0, 711, 1, 1, 40, 13),
(693, 1421664027186, 0, 461, 1, 1, 41, 13),
(694, 1421664027188, 0, 5382, 1, 1, 42, 13),
(695, 1421664027190, 0, 9869, 1, 1, 43, 13),
(696, 1421664027193, 0, 5966, 2, 1, 44, 13),
(697, 1421664027196, 0, 1629, 1, 1, 45, 13),
(698, 1421664027199, 0, 13656, 1, 1, 46, 13),
(699, 1421664027201, 0, 5053, 1, 1, 48, 13),
(700, 1421664027203, 0, 4096, 1, 1, 49, 13),
(701, 1421664027205, 0, 1037, 1, 1, 50, 13),
(702, 1421664027207, 0, 2762, 1, 1, 51, 13),
(703, 1421664027211, 0, 212, 2, 2, 52, 13),
(704, 1421664027214, 0, 2754, 2, 2, 53, 13),
(705, 1421664027218, 0, 1569, 2, 2, 54, 13),
(706, 1421664027222, 0, 1704, 2, 1, 55, 13),
(707, 1421664027225, 0, 2466, 2, 2, 56, 13),
(708, 1421664027228, 0, 701, 2, 2, 57, 13),
(709, 1421664027231, 0, 489, 3, 2, 58, 13),
(710, 1421664027235, 0, 1062, 2, 2, 59, 13),
(711, 1421664027238, 0, 3068, 2, 2, 62, 13),
(712, 1421664027240, 0, 1090, 2, 2, 66, 13),
(713, 1421664027245, 0, 346, 2, 2, 68, 13),
(714, 1421664027249, 0, 6642, 3, 2, 70, 13),
(715, 1421664027252, 0, 148, 1, 1, 74, 13),
(716, 1421664027256, 0, 27, 1, 1, 75, 13),
(717, 1421664027260, 0, 127, 2, 2, 76, 13),
(718, 1421664027263, 0, 123, 3, 2, 77, 13),
(719, 1421664027266, 0, 1982, 2, 2, 79, 13),
(720, 1421664027270, 0, 0, 2, 2, 81, 13),
(721, 1421664034283, 0, 452, 3, 2, 1, 15),
(722, 1421664034287, 0, 203, 2, 1, 2, 15),
(723, 1421664034289, 0, 241, 2, 2, 3, 15),
(724, 1421664034290, 0, 326, 1, 2, 5, 15),
(725, 1421664034292, 0, 7068, 2, 2, 6, 15),
(726, 1421664034293, 0, 639, 2, 2, 7, 15),
(727, 1421664034295, 0, 1621, 3, 2, 9, 15),
(728, 1421664034296, 0, 1531, 3, 2, 10, 15),
(729, 1421664034298, 0, 932, 3, 2, 11, 15),
(730, 1421664034300, 0, 222, 2, 2, 12, 15),
(731, 1421664034301, 0, 470, 3, 2, 13, 15),
(732, 1421664034303, 0, 237, 2, 2, 14, 15),
(733, 1421664034305, 0, 320, 2, 2, 15, 15),
(734, 1421664034308, 0, 1647, 2, 2, 16, 15),
(735, 1421664034311, 0, 102, 1, 1, 17, 15),
(736, 1421664034314, 0, 868, 1, 1, 18, 15),
(737, 1421664034316, 0, 0, 1, 1, 19, 15),
(738, 1421664034317, 0, 190, 1, 2, 20, 15),
(739, 1421664034319, 0, 794, 3, 2, 21, 15),
(740, 1421664034321, 0, 391, 3, 2, 24, 15),
(741, 1421664034322, 0, 262, 2, 2, 29, 15),
(742, 1421664034323, 0, 792, 3, 2, 30, 15),
(743, 1421664034325, 0, 732, 3, 2, 31, 15),
(744, 1421664034327, 0, 310, 1, 2, 32, 15),
(745, 1421664034329, 0, 431, 3, 2, 34, 15),
(746, 1421664034332, 0, 7480, 3, 2, 36, 15),
(747, 1421664034334, 0, 7069, 2, 2, 37, 15),
(748, 1421664034335, 0, 310, 1, 1, 38, 15),
(749, 1421664034337, 0, 8673, 1, 1, 39, 15),
(750, 1421664034359, 0, 711, 1, 1, 40, 15),
(751, 1421664034362, 0, 461, 1, 1, 41, 15),
(752, 1421664034364, 0, 5382, 1, 1, 42, 15),
(753, 1421664034368, 0, 9962, 1, 1, 43, 15),
(754, 1421664034370, 0, 6176, 1, 1, 44, 15),
(755, 1421664034374, 0, 1633, 1, 1, 45, 15),
(756, 1421664034378, 0, 13683, 1, 1, 46, 15),
(757, 1421664034381, 0, 5113, 1, 1, 48, 15),
(758, 1421664034383, 0, 4147, 1, 1, 49, 15),
(759, 1421664034386, 0, 1037, 1, 1, 50, 15),
(760, 1421664034389, 0, 2762, 1, 1, 51, 15),
(761, 1421664034393, 0, 2751, 2, 2, 53, 15),
(762, 1421664034396, 0, 1541, 2, 2, 54, 15),
(763, 1421664034399, 0, 1918, 3, 1, 56, 15),
(764, 1421664034402, 0, 224, 3, 1, 58, 15),
(765, 1421664034404, 0, 1047, 2, 2, 59, 15),
(766, 1421664034406, 0, 3068, 2, 2, 62, 15),
(767, 1421664034409, 0, 1090, 2, 2, 66, 15),
(768, 1421664034412, 0, 346, 2, 2, 68, 15),
(769, 1421664034414, 0, 6208, 2, 2, 70, 15),
(770, 1421664034416, 0, 148, 1, 1, 74, 15),
(771, 1421664034419, 0, 27, 1, 1, 75, 15),
(772, 1421664034422, 0, 127, 2, 2, 76, 15),
(773, 1421664034424, 0, 123, 3, 2, 77, 15),
(774, 1421664034426, 0, 1990, 2, 2, 79, 15),
(775, 1421664034429, 0, 0, 2, 2, 81, 15),
(776, 1421664040901, 0, 220, 2, 1, 1, 16),
(777, 1421664040904, 0, 107, 2, 1, 2, 16),
(778, 1421664040906, 0, 242, 2, 2, 3, 16),
(779, 1421664040909, 0, 117, 3, 1, 4, 16),
(780, 1421664040911, 0, 330, 1, 2, 5, 16),
(781, 1421664040912, 0, 6500, 2, 1, 6, 16),
(782, 1421664040913, 0, 546, 1, 2, 7, 16),
(783, 1421664040915, 0, 1465, 2, 2, 9, 16),
(784, 1421664040916, 0, 1465, 2, 2, 10, 16),
(785, 1421664040917, 0, 495, 2, 2, 11, 16),
(786, 1421664040919, 0, 153, 1, 2, 12, 16),
(787, 1421664040920, 0, 330, 1, 2, 13, 16),
(788, 1421664040922, 0, 219, 1, 2, 14, 16),
(789, 1421664040923, 0, 178, 2, 1, 15, 16),
(790, 1421664040925, 0, 1652, 2, 2, 16, 16),
(791, 1421664040926, 0, 74, 2, 1, 17, 16),
(792, 1421664040928, 0, 777, 2, 1, 18, 16),
(793, 1421664040930, 0, 6696, 1, 2, 19, 16),
(794, 1421664040932, 0, 241, 2, 2, 20, 16),
(795, 1421664040934, 0, 741, 2, 2, 21, 16),
(796, 1421664040961, 0, 326, 2, 2, 24, 16),
(797, 1421664040964, 0, 103, 3, 1, 29, 16),
(798, 1421664040967, 0, 546, 1, 2, 31, 16),
(799, 1421664040968, 0, 314, 1, 2, 32, 16),
(800, 1421664040970, 0, 895, 2, 1, 33, 16),
(801, 1421664040973, 0, 234, 2, 1, 34, 16),
(802, 1421664040975, 0, 6448, 2, 1, 36, 16),
(803, 1421664040977, 0, 6627, 2, 1, 37, 16),
(804, 1421664040981, 0, 247, 2, 1, 38, 16),
(805, 1421664040984, 0, 8451, 2, 2, 39, 16),
(806, 1421664040987, 0, 811, 2, 2, 40, 16),
(807, 1421664040990, 0, 383, 2, 1, 41, 16),
(808, 1421664040992, 0, 5361, 2, 2, 42, 16),
(809, 1421664040994, 0, 9668, 2, 2, 43, 16),
(810, 1421664040998, 0, 5448, 3, 1, 44, 16),
(811, 1421664041000, 0, 1708, 2, 2, 45, 16),
(812, 1421664041002, 0, 13558, 2, 2, 46, 16),
(813, 1421664041004, 0, 18873, 2, 2, 47, 16),
(814, 1421664041006, 0, 5068, 2, 2, 48, 16),
(815, 1421664041009, 0, 4115, 2, 2, 49, 16),
(816, 1421664041011, 0, 895, 2, 1, 50, 16),
(817, 1421664041012, 0, 2823, 2, 2, 51, 16),
(818, 1421664041014, 0, 164, 1, 2, 52, 16),
(819, 1421664041016, 0, 2701, 2, 2, 53, 16),
(820, 1421664041019, 0, 1555, 2, 2, 54, 16),
(821, 1421664041022, 0, 2107, 2, 2, 55, 16),
(822, 1421664041025, 0, 2328, 2, 2, 56, 16),
(823, 1421664041027, 0, 610, 1, 2, 57, 16),
(824, 1421664041029, 0, 412, 2, 2, 58, 16),
(825, 1421664041030, 0, 1026, 2, 2, 59, 16),
(826, 1421664041032, 0, 2425, 3, 1, 62, 16),
(827, 1421664041034, 0, 220, 2, 1, 63, 16),
(828, 1421664041036, 0, 196, 2, 1, 64, 16),
(829, 1421664041040, 0, 3275, 3, 1, 65, 16),
(830, 1421664041042, 0, 833, 2, 1, 66, 16),
(831, 1421664041044, 0, 600, 2, 2, 67, 16),
(832, 1421664041048, 0, 199, 2, 1, 68, 16),
(833, 1421664041052, 0, 4594, 2, 1, 69, 16),
(834, 1421664041054, 0, 5431, 3, 1, 70, 16),
(835, 1421664041057, 0, 1495, 3, 1, 71, 16),
(836, 1421664041059, 0, 111, 2, 1, 74, 16),
(837, 1421664041061, 0, 19, 2, 1, 75, 16),
(838, 1421664041063, 0, 79, 2, 2, 76, 16),
(839, 1421664041064, 0, 41, 2, 1, 77, 16),
(840, 1421664041067, 0, 1495, 3, 1, 79, 16),
(841, 1421664041070, 0, 3999, 2, 1, 80, 16),
(842, 1421664041073, 0, 1876, 2, 1, 81, 16),
(843, 1421664046432, 0, 189, 3, 1, 1, 17),
(844, 1421664046434, 0, 204, 2, 1, 2, 17),
(845, 1421664046435, 0, 250, 2, 2, 3, 17),
(846, 1421664046438, 0, 349, 2, 2, 5, 17),
(847, 1421664046440, 0, 6661, 1, 2, 6, 17),
(848, 1421664046442, 0, 542, 1, 2, 7, 17),
(849, 1421664046443, 0, 1460, 2, 2, 9, 17),
(850, 1421664046444, 0, 1460, 2, 2, 10, 17),
(851, 1421664046445, 0, 787, 2, 2, 11, 17),
(852, 1421664046446, 0, 147, 1, 2, 12, 17),
(853, 1421664046447, 0, 325, 1, 2, 13, 17),
(854, 1421664046449, 0, 226, 2, 2, 14, 17),
(855, 1421664046450, 0, 260, 1, 2, 15, 17),
(856, 1421664046451, 0, 1647, 2, 2, 16, 17),
(857, 1421664046452, 0, 103, 1, 1, 17, 17),
(858, 1421664046454, 0, 912, 1, 1, 18, 17),
(859, 1421664046455, 0, 4892, 1, 1, 19, 17),
(860, 1421664046457, 0, 234, 2, 2, 20, 17),
(861, 1421664046459, 0, 735, 2, 2, 21, 17),
(862, 1421664046462, 0, 5103, 2, 2, 23, 17),
(863, 1421664046464, 0, 319, 2, 2, 24, 17),
(864, 1421664046466, 0, 240, 2, 2, 29, 17),
(865, 1421664046469, 0, 551, 1, 2, 31, 17),
(866, 1421664046471, 0, 363, 2, 2, 32, 17),
(867, 1421664046473, 0, 325, 1, 2, 34, 17),
(868, 1421664046476, 0, 7252, 2, 2, 36, 17),
(869, 1421664046478, 0, 6994, 2, 2, 37, 17),
(870, 1421664046480, 0, 215, 3, 1, 38, 17),
(871, 1421664046483, 0, 7718, 3, 1, 39, 17),
(872, 1421664046485, 0, 716, 1, 1, 40, 17),
(873, 1421664046488, 0, 337, 3, 1, 41, 17),
(874, 1421664046490, 0, 4737, 3, 1, 42, 17),
(875, 1421664046492, 0, 9947, 1, 1, 43, 17),
(876, 1421664046493, 0, 5470, 3, 1, 44, 17),
(877, 1421664046495, 0, 1336, 3, 1, 45, 17),
(878, 1421664046496, 0, 5093, 1, 1, 48, 17),
(879, 1421664046498, 0, 4128, 1, 1, 49, 17),
(880, 1421664046500, 0, 821, 3, 1, 50, 17),
(881, 1421664046503, 0, 2345, 3, 1, 51, 17),
(882, 1421664046505, 0, 208, 2, 2, 52, 17),
(883, 1421664046507, 0, 2867, 2, 2, 53, 17),
(884, 1421664046509, 0, 1550, 2, 2, 54, 17),
(885, 1421664046510, 0, 2101, 2, 2, 55, 17),
(886, 1421664046511, 0, 2542, 3, 2, 56, 17),
(887, 1421664046513, 0, 696, 2, 2, 57, 17),
(888, 1421664046515, 0, 405, 2, 2, 58, 17),
(889, 1421664046517, 0, 1023, 2, 2, 59, 17),
(890, 1421664046519, 0, 2974, 2, 2, 62, 17),
(891, 1421664046521, 0, 406, 3, 2, 68, 17),
(892, 1421664046522, 0, 6629, 3, 2, 70, 17),
(893, 1421664046524, 0, 122, 2, 1, 74, 17),
(894, 1421664046526, 0, 30, 1, 1, 75, 17),
(895, 1421664046527, 0, 126, 2, 2, 76, 17),
(896, 1421664046529, 0, 90, 2, 2, 77, 17),
(897, 1421664046531, 0, 1804, 1, 2, 79, 17),
(898, 1421664046533, 0, 2319, 2, 2, 81, 17),
(899, 1421664056808, 0, 188, 3, 1, 1, 18),
(900, 1421664056810, 0, 203, 2, 1, 2, 18),
(901, 1421664056811, 0, 249, 2, 2, 3, 18),
(902, 1421664056812, 0, 346, 2, 2, 5, 18),
(903, 1421664056813, 0, 6643, 1, 2, 6, 18),
(904, 1421664056814, 0, 540, 1, 2, 7, 18),
(905, 1421664056816, 0, 1456, 2, 2, 9, 18),
(906, 1421664056817, 0, 1456, 2, 2, 10, 18),
(907, 1421664056819, 0, 784, 2, 2, 11, 18),
(908, 1421664056821, 0, 147, 1, 2, 12, 18),
(909, 1421664056823, 0, 324, 1, 2, 13, 18),
(910, 1421664056826, 0, 223, 1, 2, 14, 18),
(911, 1421664056827, 0, 260, 1, 2, 15, 18),
(912, 1421664056829, 0, 1642, 2, 2, 16, 18),
(913, 1421664056831, 0, 103, 1, 1, 17, 18),
(914, 1421664056832, 0, 910, 1, 1, 18, 18),
(915, 1421664056835, 0, 7050, 1, 1, 19, 18),
(916, 1421664056838, 0, 233, 2, 2, 20, 18),
(917, 1421664056841, 0, 733, 2, 2, 21, 18),
(918, 1421664056843, 0, 5089, 2, 2, 23, 18),
(919, 1421664056844, 0, 318, 2, 2, 24, 18),
(920, 1421664056846, 0, 238, 2, 2, 29, 18),
(921, 1421664056848, 0, 546, 1, 2, 31, 18),
(922, 1421664056849, 0, 361, 2, 2, 32, 18),
(923, 1421664056851, 0, 324, 1, 2, 34, 18),
(924, 1421664056853, 0, 7034, 2, 2, 36, 18),
(925, 1421664056856, 0, 6972, 2, 2, 37, 18),
(926, 1421664056858, 0, 214, 3, 1, 38, 18),
(927, 1421664056860, 0, 7697, 3, 1, 39, 18),
(928, 1421664056862, 0, 714, 1, 1, 40, 18),
(929, 1421664056865, 0, 336, 3, 1, 41, 18),
(930, 1421664056867, 0, 4733, 3, 1, 42, 18),
(931, 1421664056870, 0, 9920, 1, 1, 43, 18),
(932, 1421664056872, 0, 5455, 3, 1, 44, 18),
(933, 1421664056874, 0, 1333, 3, 1, 45, 18),
(934, 1421664056877, 0, 5079, 1, 1, 48, 18),
(935, 1421664056878, 0, 4116, 1, 1, 49, 18),
(936, 1421664056880, 0, 819, 3, 1, 50, 18),
(937, 1421664056883, 0, 2344, 3, 1, 51, 18),
(938, 1421664056886, 0, 207, 2, 2, 52, 18),
(939, 1421664056888, 0, 2691, 2, 2, 53, 18),
(940, 1421664056890, 0, 1546, 2, 2, 54, 18),
(941, 1421664056892, 0, 2095, 2, 2, 55, 18),
(942, 1421664056893, 0, 2372, 2, 2, 56, 18),
(943, 1421664056896, 0, 694, 2, 2, 57, 18),
(944, 1421664056899, 0, 403, 2, 2, 58, 18),
(945, 1421664056902, 0, 1020, 2, 2, 59, 18),
(946, 1421664056905, 0, 2961, 2, 2, 62, 18),
(947, 1421664056907, 0, 332, 2, 2, 68, 18),
(948, 1421664056910, 0, 5817, 1, 2, 70, 18),
(949, 1421664056912, 0, 124, 2, 1, 74, 18),
(950, 1421664056915, 0, 30, 1, 1, 75, 18),
(951, 1421664056918, 0, 126, 2, 2, 76, 18),
(952, 1421664056920, 0, 89, 2, 2, 77, 18),
(953, 1421664056923, 0, 1798, 1, 2, 79, 18),
(954, 1421664056925, 0, 2044, 1, 2, 81, 18),
(955, 1421664062705, 0, 189, 3, 1, 1, 19),
(956, 1421664062707, 0, 204, 2, 1, 2, 19),
(957, 1421664062708, 0, 250, 2, 2, 3, 19),
(958, 1421664062710, 0, 349, 2, 2, 5, 19),
(959, 1421664062711, 0, 6661, 1, 2, 6, 19),
(960, 1421664062712, 0, 542, 1, 2, 7, 19),
(961, 1421664062714, 0, 1460, 2, 2, 9, 19),
(962, 1421664062715, 0, 1460, 2, 2, 10, 19),
(963, 1421664062716, 0, 787, 2, 2, 11, 19),
(964, 1421664062717, 0, 147, 1, 2, 12, 19),
(965, 1421664062719, 0, 325, 1, 2, 13, 19),
(966, 1421664062720, 0, 226, 2, 2, 14, 19),
(967, 1421664062723, 0, 260, 1, 1, 15, 19),
(968, 1421664062725, 0, 1647, 2, 2, 16, 19),
(969, 1421664062727, 0, 103, 1, 1, 17, 19),
(970, 1421664062728, 0, 912, 1, 1, 18, 19),
(971, 1421664062729, 0, 7069, 1, 1, 19, 19),
(972, 1421664062731, 0, 234, 2, 2, 20, 19),
(973, 1421664062732, 0, 735, 2, 2, 21, 19),
(974, 1421664062734, 0, 5103, 2, 2, 23, 19),
(975, 1421664062735, 0, 319, 2, 2, 24, 19),
(976, 1421664062736, 0, 325, 1, 2, 34, 19),
(977, 1421664062738, 0, 7072, 2, 2, 36, 19),
(978, 1421664062741, 0, 6994, 2, 2, 37, 19),
(979, 1421664062744, 0, 215, 3, 1, 38, 19),
(980, 1421664062745, 0, 7718, 3, 1, 39, 19),
(981, 1421664062748, 0, 716, 1, 1, 40, 19),
(982, 1421664062750, 0, 337, 3, 1, 41, 19),
(983, 1421664062751, 0, 4737, 3, 1, 42, 19),
(984, 1421664062753, 0, 9947, 1, 1, 43, 19),
(985, 1421664062755, 0, 5470, 3, 1, 44, 19),
(986, 1421664062758, 0, 1336, 3, 1, 45, 19),
(987, 1421664062762, 0, 5093, 1, 1, 48, 19),
(988, 1421664062764, 0, 4128, 1, 1, 49, 19),
(989, 1421664062767, 0, 821, 3, 1, 50, 19),
(990, 1421664062770, 0, 2345, 3, 1, 51, 19),
(991, 1421664062774, 0, 208, 2, 2, 52, 19),
(992, 1421664062776, 0, 2699, 2, 2, 53, 19),
(993, 1421664062778, 0, 1550, 2, 2, 54, 19),
(994, 1421664062780, 0, 2101, 2, 2, 55, 19),
(995, 1421664062781, 0, 2379, 2, 2, 56, 19),
(996, 1421664062783, 0, 696, 2, 2, 57, 19),
(997, 1421664062784, 0, 405, 2, 2, 58, 19),
(998, 1421664062786, 0, 1109, 2, 2, 59, 19),
(999, 1421664062789, 0, 3110, 2, 2, 62, 19),
(1000, 1421664062791, 0, 333, 2, 2, 68, 19),
(1001, 1421664062793, 0, 6051, 2, 2, 70, 19),
(1002, 1421664062796, 0, 122, 2, 1, 74, 19),
(1003, 1421664062797, 0, 30, 1, 1, 75, 19),
(1004, 1421664062798, 0, 126, 2, 2, 76, 19),
(1005, 1421664062800, 0, 90, 2, 2, 77, 19),
(1006, 1421664062801, 0, 1804, 1, 2, 79, 19),
(1007, 1421664062803, 0, 2050, 1, 2, 81, 19),
(1008, 1421664069178, 0, 223, 2, 1, 1, 20),
(1009, 1421664069180, 0, 102, 3, 1, 2, 20),
(1010, 1421664069182, 0, 200, 1, 2, 3, 20),
(1011, 1421664069184, 0, 326, 1, 2, 5, 20),
(1012, 1421664069186, 0, 7075, 2, 2, 6, 20),
(1013, 1421664069188, 0, 543, 1, 2, 7, 20),
(1014, 1421664069189, 0, 1320, 1, 2, 9, 20),
(1015, 1421664069190, 0, 1392, 1, 2, 10, 20),
(1016, 1421664069191, 0, 669, 1, 2, 11, 20),
(1017, 1421664069192, 0, 148, 1, 2, 12, 20),
(1018, 1421664069193, 0, 326, 1, 2, 13, 20),
(1019, 1421664069195, 0, 215, 1, 2, 14, 20),
(1020, 1421664069197, 0, 320, 2, 2, 15, 20),
(1021, 1421664069199, 0, 1496, 1, 2, 16, 20),
(1022, 1421664069201, 0, 103, 1, 1, 17, 20),
(1023, 1421664069203, 0, 906, 1, 1, 18, 20),
(1024, 1421664069204, 0, 7020, 1, 1, 19, 20),
(1025, 1421664069207, 0, 182, 1, 2, 20, 20),
(1026, 1421664069210, 0, 738, 2, 2, 21, 20),
(1027, 1421664069213, 0, 261, 1, 2, 24, 20),
(1028, 1421664069216, 0, 262, 2, 2, 29, 20),
(1029, 1421664069217, 0, 612, 1, 2, 30, 20),
(1030, 1421664069219, 0, 629, 2, 2, 31, 20),
(1031, 1421664069221, 0, 310, 1, 2, 32, 20),
(1032, 1421664069224, 0, 359, 1, 2, 34, 20),
(1033, 1421664069227, 0, 7076, 2, 2, 36, 20),
(1034, 1421664069230, 0, 7074, 2, 2, 37, 20),
(1035, 1421664069232, 0, 310, 1, 1, 38, 20),
(1036, 1421664069234, 0, 8594, 1, 1, 39, 20),
(1037, 1421664069236, 0, 711, 1, 1, 40, 20),
(1038, 1421664069238, 0, 462, 1, 1, 41, 20),
(1039, 1421664069239, 0, 5387, 1, 1, 42, 20),
(1040, 1421664069241, 0, 9879, 1, 1, 43, 20),
(1041, 1421664069243, 0, 6181, 1, 1, 44, 20),
(1042, 1421664069245, 0, 1631, 1, 1, 45, 20),
(1043, 1421664069248, 0, 13929, 1, 1, 46, 20),
(1044, 1421664069251, 0, 5058, 1, 1, 48, 20),
(1045, 1421664069253, 0, 4099, 1, 1, 49, 20),
(1046, 1421664069255, 0, 1038, 1, 1, 50, 20),
(1047, 1421664069257, 0, 2764, 1, 1, 51, 20),
(1048, 1421664069261, 0, 99, 1, 1, 52, 20),
(1049, 1421664069263, 0, 2195, 3, 1, 53, 20),
(1050, 1421664069266, 0, 1180, 3, 1, 54, 20),
(1051, 1421664069269, 0, 1972, 1, 1, 55, 20),
(1052, 1421664069271, 0, 2250, 1, 1, 56, 20),
(1053, 1421664069274, 0, 607, 1, 2, 57, 20),
(1054, 1421664069277, 0, 297, 2, 1, 58, 20),
(1055, 1421664069279, 0, 722, 3, 1, 59, 20),
(1056, 1421664069281, 0, 1091, 2, 2, 66, 20),
(1057, 1421664069284, 0, 346, 2, 2, 68, 20),
(1058, 1421664069286, 0, 6214, 2, 2, 70, 20),
(1059, 1421664069288, 0, 148, 1, 1, 74, 20),
(1060, 1421664069291, 0, 27, 1, 1, 75, 20),
(1061, 1421664069295, 0, 75, 1, 2, 77, 20),
(1062, 1421664069298, 0, 1984, 2, 2, 79, 20),
(1063, 1421664069301, 0, 0, 2, 2, 81, 20),
(1064, 1421664076865, 0, 210, 2, 1, 1, 21),
(1065, 1421664076867, 0, 102, 3, 1, 2, 21),
(1066, 1421664076869, 0, 200, 1, 2, 3, 21),
(1067, 1421664076873, 0, 326, 1, 2, 5, 21),
(1068, 1421664076875, 0, 7075, 2, 2, 6, 21),
(1069, 1421664076877, 0, 543, 1, 2, 7, 21),
(1070, 1421664076879, 0, 1320, 1, 2, 9, 21),
(1071, 1421664076881, 0, 1392, 1, 2, 10, 21),
(1072, 1421664076883, 0, 669, 1, 2, 11, 21),
(1073, 1421664076886, 0, 148, 1, 2, 12, 21),
(1074, 1421664076890, 0, 326, 1, 2, 13, 21),
(1075, 1421664076892, 0, 215, 1, 2, 14, 21),
(1076, 1421664076893, 0, 320, 2, 2, 15, 21),
(1077, 1421664076895, 0, 1496, 1, 2, 16, 21),
(1078, 1421664076896, 0, 103, 1, 1, 17, 21),
(1079, 1421664076898, 0, 906, 1, 1, 18, 21),
(1080, 1421664076899, 0, 7020, 1, 1, 19, 21),
(1081, 1421664076901, 0, 182, 1, 2, 20, 21),
(1082, 1421664076904, 0, 738, 2, 2, 21, 21),
(1083, 1421664076907, 0, 261, 1, 2, 24, 21),
(1084, 1421664076909, 0, 262, 2, 2, 29, 21),
(1085, 1421664076911, 0, 607, 1, 2, 30, 21),
(1086, 1421664076912, 0, 629, 2, 2, 31, 21),
(1087, 1421664076913, 0, 310, 1, 2, 32, 21),
(1088, 1421664076915, 0, 359, 1, 2, 34, 21),
(1089, 1421664076916, 0, 7074, 2, 2, 36, 21),
(1090, 1421664076918, 0, 7076, 2, 2, 37, 21),
(1091, 1421664076920, 0, 310, 1, 1, 38, 21),
(1092, 1421664076924, 0, 8598, 1, 1, 39, 21),
(1093, 1421664076927, 0, 711, 1, 1, 40, 21),
(1094, 1421664076929, 0, 462, 1, 1, 41, 21),
(1095, 1421664076931, 0, 5387, 1, 1, 42, 21),
(1096, 1421664076933, 0, 9879, 1, 1, 43, 21),
(1097, 1421664076935, 0, 6181, 1, 1, 44, 21),
(1098, 1421664076938, 0, 1631, 1, 1, 45, 21),
(1099, 1421664076941, 0, 13637, 1, 1, 46, 21),
(1100, 1421664076944, 0, 5058, 1, 1, 48, 21),
(1101, 1421664076946, 0, 4099, 1, 1, 49, 21),
(1102, 1421664076947, 0, 1038, 1, 1, 50, 21),
(1103, 1421664076948, 0, 2764, 1, 1, 51, 21),
(1104, 1421664076950, 0, 99, 1, 1, 52, 21),
(1105, 1421664076952, 0, 2195, 3, 1, 53, 21),
(1106, 1421664076956, 0, 1392, 2, 1, 54, 21),
(1107, 1421664076959, 0, 1972, 1, 1, 55, 21),
(1108, 1421664076961, 0, 2250, 1, 1, 56, 21),
(1109, 1421664076964, 0, 607, 1, 2, 57, 21),
(1110, 1421664076968, 0, 222, 3, 1, 58, 21),
(1111, 1421664076970, 0, 936, 1, 1, 59, 21),
(1112, 1421664076972, 0, 1091, 2, 2, 66, 21),
(1113, 1421664076974, 0, 346, 2, 2, 68, 21),
(1114, 1421664076976, 0, 6213, 2, 2, 70, 21),
(1115, 1421664076978, 0, 148, 1, 1, 74, 21),
(1116, 1421664076980, 0, 27, 1, 1, 75, 21),
(1117, 1421664076983, 0, 75, 1, 2, 77, 21),
(1118, 1421664076986, 0, 1991, 2, 2, 79, 21),
(1119, 1421664076988, 0, 0, 2, 2, 81, 21),
(1120, 1421664083104, 0, 112, 2, 1, 2, 22),
(1121, 1421664083106, 0, 319, 1, 2, 5, 22),
(1122, 1421664083107, 0, 6978, 2, 2, 6, 22),
(1123, 1421664083109, 0, 534, 1, 2, 7, 22),
(1124, 1421664083111, 0, 1413, 1, 2, 9, 22),
(1125, 1421664083113, 0, 1347, 1, 2, 10, 22),
(1126, 1421664083115, 0, 432, 1, 2, 11, 22),
(1127, 1421664083116, 0, 176, 1, 2, 12, 22),
(1128, 1421664083117, 0, 340, 1, 2, 13, 22),
(1129, 1421664083119, 0, 228, 1, 2, 14, 22),
(1130, 1421664083120, 0, 307, 2, 2, 15, 22),
(1131, 1421664083121, 0, 1596, 1, 2, 16, 22),
(1132, 1421664083122, 0, 194, 1, 2, 20, 22),
(1133, 1421664083123, 0, 732, 2, 2, 21, 22),
(1134, 1421664083124, 0, 5269, 2, 2, 23, 22),
(1135, 1421664083126, 0, 274, 1, 2, 24, 22),
(1136, 1421664083128, 0, 534, 1, 2, 31, 22),
(1137, 1421664083130, 0, 304, 1, 2, 32, 22),
(1138, 1421664083133, 0, 319, 1, 2, 34, 22),
(1139, 1421664083135, 0, 0, 2, 2, 37, 22),
(1140, 1421664083138, 0, 10244, 2, 2, 43, 22),
(1141, 1421664083139, 0, 14037, 2, 2, 46, 22),
(1142, 1421664083141, 0, 19940, 3, 2, 47, 22),
(1143, 1421664083143, 0, 5367, 2, 2, 48, 22),
(1144, 1421664083145, 0, 20, 2, 1, 75, 22),
(1145, 1421664083146, 0, 1873, 2, 2, 79, 22),
(1146, 1421664083147, 0, 2194, 2, 2, 81, 22),
(1147, 1421664088753, 0, 112, 2, 1, 2, 23),
(1148, 1421664088754, 0, 319, 1, 2, 5, 23),
(1149, 1421664088756, 0, 6977, 2, 2, 6, 23),
(1150, 1421664088757, 0, 534, 1, 2, 7, 23),
(1151, 1421664088759, 0, 1412, 1, 2, 9, 23),
(1152, 1421664088762, 0, 1348, 1, 2, 10, 23),
(1153, 1421664088765, 0, 432, 1, 2, 11, 23),
(1154, 1421664088767, 0, 176, 1, 2, 12, 23),
(1155, 1421664088770, 0, 340, 1, 2, 13, 23),
(1156, 1421664088773, 0, 228, 1, 2, 14, 23),
(1157, 1421664088775, 0, 307, 2, 2, 15, 23),
(1158, 1421664088777, 0, 1596, 1, 2, 16, 23),
(1159, 1421664088779, 0, 194, 1, 2, 20, 23),
(1160, 1421664088781, 0, 718, 2, 2, 21, 23),
(1161, 1421664088783, 0, 5269, 2, 2, 23, 23),
(1162, 1421664088784, 0, 274, 1, 2, 24, 23),
(1163, 1421664088786, 0, 534, 1, 2, 31, 23),
(1164, 1421664088789, 0, 304, 1, 2, 32, 23),
(1165, 1421664088792, 0, 319, 1, 2, 34, 23),
(1166, 1421664088795, 0, 0, 2, 2, 37, 23),
(1167, 1421664088797, 0, 10222, 2, 2, 43, 23),
(1168, 1421664088798, 0, 14037, 2, 2, 46, 23),
(1169, 1421664088799, 0, 19940, 3, 2, 47, 23),
(1170, 1421664088801, 0, 5349, 2, 2, 48, 23),
(1171, 1421664088803, 0, 20, 2, 1, 75, 23),
(1172, 1421664088806, 0, 1873, 2, 2, 79, 23),
(1173, 1421664088808, 0, 2194, 2, 2, 81, 23),
(1174, 1421664095023, 0, 372, 2, 2, 1, 24),
(1175, 1421664095025, 0, 107, 2, 1, 2, 24),
(1176, 1421664095026, 0, 319, 3, 2, 3, 24),
(1177, 1421664095029, 0, 327, 1, 2, 5, 24),
(1178, 1421664095031, 0, 7093, 2, 2, 6, 24),
(1179, 1421664095033, 0, 672, 2, 2, 7, 24),
(1180, 1421664095034, 0, 1440, 2, 2, 9, 24),
(1181, 1421664095035, 0, 1556, 3, 2, 10, 24),
(1182, 1421664095036, 0, 935, 3, 2, 11, 24),
(1183, 1421664095038, 0, 263, 3, 2, 12, 24),
(1184, 1421664095039, 0, 472, 3, 2, 13, 24),
(1185, 1421664095041, 0, 215, 1, 2, 14, 24),
(1186, 1421664095042, 0, 321, 2, 2, 15, 24),
(1187, 1421664095044, 0, 1513, 1, 2, 16, 24),
(1188, 1421664095046, 0, 103, 1, 1, 17, 24),
(1189, 1421664095048, 0, 0, 1, 1, 18, 24),
(1190, 1421664095050, 0, 0, 1, 1, 19, 24),
(1191, 1421664095053, 0, 237, 2, 2, 20, 24),
(1192, 1421664095055, 0, 739, 2, 2, 21, 24),
(1193, 1421664095058, 0, 272, 1, 2, 24, 24),
(1194, 1421664095060, 0, 262, 2, 2, 29, 24),
(1195, 1421664095061, 0, 811, 3, 2, 30, 24),
(1196, 1421664095062, 0, 558, 1, 2, 31, 24),
(1197, 1421664095063, 0, 320, 1, 2, 32, 24),
(1198, 1421664095064, 0, 378, 2, 2, 34, 24),
(1199, 1421664095066, 0, 7091, 2, 2, 36, 24),
(1200, 1421664095067, 0, 7093, 2, 2, 37, 24),
(1201, 1421664095069, 0, 310, 1, 1, 38, 24),
(1202, 1421664095071, 0, 8615, 1, 1, 39, 24),
(1203, 1421664095074, 0, 713, 1, 1, 40, 24),
(1204, 1421664095076, 0, 463, 1, 1, 41, 24),
(1205, 1421664095078, 0, 5399, 1, 1, 42, 24),
(1206, 1421664095080, 0, 9900, 1, 1, 43, 24),
(1207, 1421664095082, 0, 6195, 1, 1, 44, 24),
(1208, 1421664095084, 0, 1634, 1, 1, 45, 24),
(1209, 1421664095085, 0, 0, 1, 1, 46, 24),
(1210, 1421664095087, 0, 5068, 1, 1, 48, 24),
(1211, 1421664095088, 0, 4108, 1, 1, 49, 24),
(1212, 1421664095089, 0, 1040, 1, 1, 50, 24),
(1213, 1421664095091, 0, 2770, 1, 1, 51, 24),
(1214, 1421664095093, 0, 273, 3, 2, 52, 24),
(1215, 1421664095096, 0, 2631, 2, 2, 53, 24),
(1216, 1421664095098, 0, 1477, 2, 2, 54, 24),
(1217, 1421664095100, 0, 2467, 2, 2, 56, 24),
(1218, 1421664095101, 0, 674, 2, 2, 57, 24),
(1219, 1421664095103, 0, 399, 2, 2, 58, 24),
(1220, 1421664095104, 0, 1087, 2, 2, 59, 24),
(1221, 1421664095105, 0, 3077, 2, 2, 62, 24),
(1222, 1421664095106, 0, 1093, 2, 2, 66, 24),
(1223, 1421664095107, 0, 347, 2, 2, 68, 24),
(1224, 1421664095109, 0, 6227, 2, 2, 70, 24),
(1225, 1421664095111, 0, 148, 1, 1, 74, 24),
(1226, 1421664095113, 0, 27, 1, 1, 75, 24),
(1227, 1421664095115, 0, 127, 2, 2, 76, 24),
(1228, 1421664095116, 0, 124, 2, 2, 77, 24),
(1229, 1421664095118, 0, 1989, 2, 2, 79, 24),
(1230, 1421664095119, 0, 2258, 2, 2, 81, 24),
(1231, 1421664101500, 0, 316, 1, 2, 1, 25),
(1232, 1421664101502, 0, 107, 2, 1, 2, 25),
(1233, 1421664101504, 0, 205, 1, 2, 3, 25),
(1234, 1421664101506, 0, 332, 1, 2, 5, 25),
(1235, 1421664101507, 0, 7035, 2, 2, 6, 25),
(1236, 1421664101509, 0, 550, 1, 2, 7, 25),
(1237, 1421664101510, 0, 1298, 1, 2, 9, 25),
(1238, 1421664101511, 0, 1385, 1, 2, 10, 25),
(1239, 1421664101512, 0, 422, 1, 2, 11, 25),
(1240, 1421664101513, 0, 55, 3, 1, 12, 25),
(1241, 1421664101514, 0, 332, 1, 2, 13, 25),
(1242, 1421664101515, 0, 221, 1, 2, 14, 25),
(1243, 1421664101517, 0, 328, 2, 2, 15, 25),
(1244, 1421664101519, 0, 1473, 1, 2, 16, 25),
(1245, 1421664101521, 0, 74, 2, 1, 17, 25),
(1246, 1421664101522, 0, 855, 1, 1, 18, 25),
(1247, 1421664101524, 0, 0, 1, 1, 19, 25),
(1248, 1421664101525, 0, 188, 1, 2, 20, 25),
(1249, 1421664101527, 0, 688, 1, 2, 21, 25),
(1250, 1421664101528, 0, 267, 1, 2, 24, 25),
(1251, 1421664101530, 0, 269, 2, 2, 29, 25),
(1252, 1421664101532, 0, 613, 1, 2, 30, 25),
(1253, 1421664101535, 0, 550, 1, 2, 31, 25),
(1254, 1421664101538, 0, 316, 1, 2, 32, 25),
(1255, 1421664101539, 0, 362, 1, 2, 34, 25),
(1256, 1421664101541, 0, 7097, 2, 2, 36, 25),
(1257, 1421664101543, 0, 7073, 2, 2, 37, 25),
(1258, 1421664101544, 0, 248, 2, 1, 38, 25),
(1259, 1421664101546, 0, 8009, 2, 1, 39, 25),
(1260, 1421664101549, 0, 597, 2, 1, 40, 25),
(1261, 1421664101554, 0, 384, 2, 1, 41, 25),
(1262, 1421664101556, 0, 4964, 2, 1, 42, 25),
(1263, 1421664101558, 0, 9285, 2, 1, 43, 25),
(1264, 1421664101559, 0, 5723, 2, 1, 44, 25),
(1265, 1421664101561, 0, 1433, 2, 1, 45, 25),
(1266, 1421664101563, 0, 13421, 2, 1, 46, 25),
(1267, 1421664101565, 0, 4668, 2, 1, 48, 25),
(1268, 1421664101567, 0, 3779, 2, 1, 49, 25),
(1269, 1421664101569, 0, 896, 2, 1, 50, 25),
(1270, 1421664101571, 0, 2472, 2, 1, 51, 25),
(1271, 1421664101573, 0, 75, 2, 1, 52, 25),
(1272, 1421664101574, 0, 2505, 1, 2, 53, 25),
(1273, 1421664101575, 0, 1267, 2, 1, 54, 25),
(1274, 1421664101576, 0, 1660, 3, 1, 55, 25),
(1275, 1421664101577, 0, 2376, 2, 2, 56, 25),
(1276, 1421664101579, 0, 636, 2, 2, 57, 25),
(1277, 1421664101580, 0, 249, 2, 1, 58, 25),
(1278, 1421664101581, 0, 1024, 2, 2, 59, 25),
(1279, 1421664101583, 0, 3083, 2, 2, 62, 25),
(1280, 1421664101586, 0, 1099, 2, 2, 66, 25),
(1281, 1421664101589, 0, 353, 2, 2, 68, 25),
(1282, 1421664101590, 0, 6232, 2, 2, 70, 25),
(1283, 1421664101592, 0, 111, 2, 1, 74, 25),
(1284, 1421664101593, 0, 0, 1, 1, 75, 25),
(1285, 1421664101595, 0, 80, 2, 2, 76, 25),
(1286, 1421664101596, 0, 76, 1, 2, 77, 25),
(1287, 1421664101599, 0, 0, 1, 2, 79, 25),
(1288, 1421664101602, 0, 2252, 2, 2, 81, 25),
(1289, 1421664107067, 0, 303, 1, 2, 1, 26),
(1290, 1421664107069, 0, 94, 3, 1, 2, 26),
(1291, 1421664107070, 0, 194, 1, 2, 3, 26),
(1292, 1421664107071, 0, 318, 1, 2, 5, 26),
(1293, 1421664107073, 0, 6607, 1, 2, 6, 26),
(1294, 1421664107075, 0, 531, 1, 2, 7, 26),
(1295, 1421664107076, 0, 1295, 1, 2, 9, 26),
(1296, 1421664107078, 0, 1382, 1, 2, 10, 26),
(1297, 1421664107079, 0, 406, 1, 2, 11, 26),
(1298, 1421664107080, 0, 318, 1, 2, 13, 26),
(1299, 1421664107081, 0, 209, 1, 2, 14, 26),
(1300, 1421664107082, 0, 254, 1, 2, 15, 26),
(1301, 1421664107083, 0, 1470, 1, 2, 16, 26),
(1302, 1421664107084, 0, 76, 2, 1, 17, 26),
(1303, 1421664107086, 0, 784, 2, 1, 18, 26),
(1304, 1421664107087, 0, 6529, 2, 1, 19, 26),
(1305, 1421664107088, 0, 177, 1, 2, 20, 26),
(1306, 1421664107090, 0, 686, 1, 2, 21, 26),
(1307, 1421664107091, 0, 254, 1, 2, 24, 26),
(1308, 1421664107092, 0, 201, 1, 2, 29, 26),
(1309, 1421664107093, 0, 594, 1, 2, 30, 26),
(1310, 1421664107094, 0, 531, 1, 2, 31, 26),
(1311, 1421664107096, 0, 303, 1, 2, 32, 26),
(1312, 1421664107098, 0, 357, 1, 2, 34, 26),
(1313, 1421664107100, 0, 7552, 3, 2, 36, 26),
(1314, 1421664107103, 0, 6607, 1, 2, 37, 26),
(1315, 1421664107104, 0, 251, 2, 1, 38, 26),
(1316, 1421664107106, 0, 8032, 2, 1, 39, 26),
(1317, 1421664107107, 0, 602, 2, 1, 40, 26),
(1318, 1421664107108, 0, 388, 2, 1, 41, 26),
(1319, 1421664107109, 0, 4983, 2, 1, 42, 26),
(1320, 1421664107110, 0, 9675, 2, 1, 43, 26),
(1321, 1421664107111, 0, 5732, 2, 1, 44, 26),
(1322, 1421664107113, 0, 1442, 2, 1, 45, 26),
(1323, 1421664107115, 0, 13292, 2, 1, 46, 26),
(1324, 1421664107118, 0, 4634, 2, 1, 48, 26),
(1325, 1421664107120, 0, 3764, 2, 1, 49, 26),
(1326, 1421664107123, 0, 903, 2, 1, 50, 26),
(1327, 1421664107124, 0, 2485, 2, 1, 51, 26),
(1328, 1421664107126, 0, 266, 2, 2, 52, 26),
(1329, 1421664107128, 0, 2839, 2, 2, 53, 26),
(1330, 1421664107129, 0, 1717, 3, 2, 54, 26),
(1331, 1421664107130, 0, 1868, 2, 1, 55, 26),
(1332, 1421664107131, 0, 2597, 3, 2, 56, 26),
(1333, 1421664107133, 0, 797, 3, 2, 57, 26),
(1334, 1421664107135, 0, 476, 2, 2, 58, 26),
(1335, 1421664107137, 0, 896, 1, 2, 59, 26),
(1336, 1421664107140, 0, 2798, 1, 2, 62, 26),
(1337, 1421664107141, 0, 951, 1, 2, 66, 26),
(1338, 1421664107143, 0, 427, 3, 2, 68, 26),
(1339, 1421664107144, 0, 5783, 1, 2, 70, 26),
(1340, 1421664107145, 0, 113, 2, 1, 74, 26),
(1341, 1421664107147, 0, 20, 2, 1, 75, 26),
(1342, 1421664107149, 0, 108, 3, 2, 76, 26),
(1343, 1421664107151, 0, 71, 1, 2, 77, 26),
(1344, 1421664107153, 0, 2136, 1, 2, 81, 26),
(1345, 1421664115785, 0, 303, 1, 2, 1, 27),
(1346, 1421664115786, 0, 94, 3, 1, 2, 27),
(1347, 1421664115787, 0, 194, 1, 2, 3, 27),
(1348, 1421664115789, 0, 318, 1, 2, 5, 27),
(1349, 1421664115790, 0, 6842, 1, 2, 6, 27),
(1350, 1421664115792, 0, 531, 1, 2, 7, 27),
(1351, 1421664115794, 0, 1295, 1, 2, 9, 27),
(1352, 1421664115795, 0, 1382, 1, 2, 10, 27),
(1353, 1421664115796, 0, 406, 1, 2, 11, 27),
(1354, 1421664115797, 0, 175, 1, 2, 12, 27),
(1355, 1421664115798, 0, 318, 1, 2, 13, 27),
(1356, 1421664115799, 0, 209, 1, 2, 14, 27),
(1357, 1421664115800, 0, 254, 1, 2, 15, 27),
(1358, 1421664115801, 0, 1470, 1, 2, 16, 27),
(1359, 1421664115802, 0, 76, 2, 1, 17, 27),
(1360, 1421664115803, 0, 785, 2, 1, 18, 27),
(1361, 1421664115805, 0, 6530, 2, 1, 19, 27),
(1362, 1421664115806, 0, 177, 1, 2, 20, 27),
(1363, 1421664115807, 0, 686, 1, 2, 21, 27),
(1364, 1421664115808, 0, 254, 1, 2, 24, 27),
(1365, 1421664115809, 0, 201, 1, 2, 29, 27),
(1366, 1421664115810, 0, 594, 1, 2, 30, 27),
(1367, 1421664115812, 0, 531, 1, 2, 31, 27),
(1368, 1421664115813, 0, 303, 1, 2, 32, 27),
(1369, 1421664115814, 0, 357, 1, 2, 34, 27),
(1370, 1421664115816, 0, 7552, 3, 2, 36, 27),
(1371, 1421664115817, 0, 6842, 1, 2, 37, 27),
(1372, 1421664115819, 0, 251, 2, 1, 38, 27),
(1373, 1421664115821, 0, 8069, 2, 1, 39, 27),
(1374, 1421664115822, 0, 602, 2, 1, 40, 27),
(1375, 1421664115824, 0, 388, 2, 1, 41, 27),
(1376, 1421664115826, 0, 4987, 2, 1, 42, 27),
(1377, 1421664115827, 0, 9257, 2, 1, 43, 27),
(1378, 1421664115828, 0, 5733, 2, 1, 44, 27),
(1379, 1421664115830, 0, 1442, 2, 1, 45, 27),
(1380, 1421664115831, 0, 13191, 2, 1, 46, 27),
(1381, 1421664115833, 0, 4621, 2, 1, 48, 27),
(1382, 1421664115834, 0, 3765, 2, 1, 49, 27),
(1383, 1421664115835, 0, 903, 2, 1, 50, 27),
(1384, 1421664115837, 0, 2486, 2, 1, 51, 27),
(1385, 1421664115838, 0, 219, 2, 2, 52, 27),
(1386, 1421664115839, 0, 2805, 2, 2, 53, 27),
(1387, 1421664115840, 0, 1682, 2, 2, 54, 27),
(1388, 1421664115841, 0, 1896, 1, 2, 55, 27),
(1389, 1421664115842, 0, 2550, 2, 2, 56, 27),
(1390, 1421664115845, 0, 781, 2, 2, 57, 27),
(1391, 1421664115848, 0, 448, 2, 2, 58, 27),
(1392, 1421664115851, 0, 813, 2, 1, 59, 27),
(1393, 1421664115853, 0, 2798, 1, 2, 62, 27),
(1394, 1421664115855, 0, 951, 1, 2, 66, 27),
(1395, 1421664115857, 0, 427, 3, 2, 68, 27),
(1396, 1421664115859, 0, 5783, 1, 2, 70, 27),
(1397, 1421664115860, 0, 113, 2, 1, 74, 27),
(1398, 1421664115863, 0, 20, 2, 1, 75, 27),
(1399, 1421664115865, 0, 108, 3, 2, 76, 27),
(1400, 1421664115868, 0, 71, 1, 2, 77, 27),
(1401, 1421664115871, 0, 0, 1, 2, 79, 27),
(1402, 1421664115873, 0, 0, 1, 2, 81, 27),
(1403, 1421664120961, 0, 311, 1, 2, 1, 28),
(1404, 1421664120963, 0, 204, 1, 1, 2, 28),
(1405, 1421664120964, 0, 303, 3, 2, 3, 28),
(1406, 1421664120965, 0, 353, 2, 2, 5, 28),
(1407, 1421664120967, 0, 7445, 3, 2, 6, 28),
(1408, 1421664120969, 0, 717, 3, 2, 7, 28),
(1409, 1421664120973, 0, 1641, 3, 2, 9, 28),
(1410, 1421664120975, 0, 1426, 2, 2, 10, 28),
(1411, 1421664120977, 0, 670, 1, 2, 11, 28),
(1412, 1421664120979, 0, 234, 2, 2, 12, 28),
(1413, 1421664120980, 0, 326, 1, 2, 13, 28),
(1414, 1421664120982, 0, 215, 1, 2, 14, 28),
(1415, 1421664120984, 0, 321, 2, 2, 15, 28),
(1416, 1421664120985, 0, 1842, 3, 2, 16, 28),
(1417, 1421664120987, 0, 103, 1, 1, 17, 28),
(1418, 1421664120989, 0, 909, 1, 1, 18, 28),
(1419, 1421664120991, 0, 0, 1, 1, 19, 28),
(1420, 1421664120994, 0, 229, 2, 2, 20, 28),
(1421, 1421664120997, 0, 739, 2, 2, 21, 28),
(1422, 1421664120999, 0, 261, 1, 2, 24, 28),
(1423, 1421664121002, 0, 262, 2, 2, 29, 28),
(1424, 1421664121003, 0, 757, 2, 2, 30, 28),
(1425, 1421664121005, 0, 732, 3, 2, 31, 28),
(1426, 1421664121007, 0, 451, 3, 2, 32, 28),
(1427, 1421664121010, 0, 432, 3, 2, 34, 28),
(1428, 1421664121012, 0, 7088, 2, 2, 36, 28),
(1429, 1421664121013, 0, 7088, 2, 2, 37, 28),
(1430, 1421664121014, 0, 310, 1, 1, 38, 28),
(1431, 1421664121015, 0, 8610, 1, 1, 39, 28),
(1432, 1421664121016, 0, 713, 1, 1, 40, 28),
(1433, 1421664121018, 0, 462, 1, 1, 41, 28),
(1434, 1421664121019, 0, 5396, 1, 1, 42, 28),
(1435, 1421664121020, 0, 9894, 1, 1, 43, 28),
(1436, 1421664121021, 0, 6192, 1, 1, 44, 28),
(1437, 1421664121022, 0, 1634, 1, 1, 45, 28),
(1438, 1421664121023, 0, 13674, 1, 1, 46, 28),
(1439, 1421664121024, 0, 5067, 1, 1, 48, 28),
(1440, 1421664121025, 0, 4106, 1, 1, 49, 28),
(1441, 1421664121027, 0, 1040, 1, 1, 50, 28),
(1442, 1421664121029, 0, 2769, 1, 1, 51, 28),
(1443, 1421664121031, 0, 233, 2, 2, 52, 28),
(1444, 1421664121033, 0, 2590, 2, 2, 53, 28),
(1445, 1421664121034, 0, 1434, 1, 2, 54, 28),
(1446, 1421664121035, 0, 2415, 2, 2, 56, 28),
(1447, 1421664121036, 0, 622, 1, 2, 57, 28),
(1448, 1421664121037, 0, 442, 2, 2, 58, 28),
(1449, 1421664121039, 0, 924, 1, 2, 59, 28),
(1450, 1421664121041, 0, 3076, 2, 2, 62, 28),
(1451, 1421664121043, 0, 1093, 2, 2, 66, 28),
(1452, 1421664121045, 0, 346, 2, 2, 68, 28),
(1453, 1421664121048, 0, 6223, 2, 2, 70, 28),
(1454, 1421664121051, 0, 148, 1, 1, 74, 28),
(1455, 1421664121053, 0, 27, 1, 1, 75, 28),
(1456, 1421664121055, 0, 127, 2, 2, 76, 28),
(1457, 1421664121058, 0, 75, 1, 2, 77, 28),
(1458, 1421664121061, 0, 1991, 2, 2, 79, 28),
(1459, 1421664121063, 0, 2255, 2, 2, 81, 28),
(1460, 1421664127238, 0, 311, 1, 2, 1, 29),
(1461, 1421664127239, 0, 102, 3, 1, 2, 29),
(1462, 1421664127240, 0, 254, 2, 2, 3, 29),
(1463, 1421664127241, 0, 327, 1, 2, 5, 29),
(1464, 1421664127242, 0, 7096, 2, 2, 6, 29),
(1465, 1421664127243, 0, 545, 1, 2, 7, 29),
(1466, 1421664127245, 0, 1469, 2, 2, 9, 29),
(1467, 1421664127247, 0, 1469, 2, 2, 10, 29),
(1468, 1421664127249, 0, 791, 2, 2, 11, 29),
(1469, 1421664127250, 0, 148, 1, 2, 12, 29),
(1470, 1421664127250, 0, 393, 2, 2, 13, 29),
(1471, 1421664127252, 0, 271, 2, 2, 14, 29),
(1472, 1421664127253, 0, 321, 2, 2, 15, 29),
(1473, 1421664127256, 0, 1656, 2, 2, 16, 29),
(1474, 1421664127258, 0, 103, 1, 1, 17, 29),
(1475, 1421664127261, 0, 865, 1, 1, 18, 29),
(1476, 1421664127263, 0, 0, 1, 1, 19, 29),
(1477, 1421664127265, 0, 235, 2, 2, 20, 29),
(1478, 1421664127267, 0, 740, 2, 2, 21, 29),
(1479, 1421664127269, 0, 321, 2, 2, 24, 29),
(1480, 1421664127271, 0, 263, 2, 2, 29, 29),
(1481, 1421664127273, 0, 609, 1, 2, 30, 29),
(1482, 1421664127276, 0, 545, 1, 2, 31, 29),
(1483, 1421664127278, 0, 311, 1, 2, 32, 29),
(1484, 1421664127281, 0, 327, 1, 2, 34, 29),
(1485, 1421664127283, 0, 7095, 2, 2, 36, 29),
(1486, 1421664127285, 0, 7098, 2, 2, 37, 29),
(1487, 1421664127287, 0, 311, 1, 1, 38, 29),
(1488, 1421664127289, 0, 8416, 1, 1, 39, 29),
(1489, 1421664127290, 0, 713, 1, 1, 40, 29),
(1490, 1421664127292, 0, 463, 1, 1, 41, 29),
(1491, 1421664127294, 0, 5251, 1, 1, 42, 29),
(1492, 1421664127296, 0, 9906, 1, 1, 43, 29),
(1493, 1421664127298, 0, 6199, 1, 1, 44, 29),
(1494, 1421664127299, 0, 1566, 1, 1, 45, 29),
(1495, 1421664127300, 0, 13969, 1, 1, 46, 29),
(1496, 1421664127301, 0, 5072, 1, 1, 48, 29),
(1497, 1421664127302, 0, 4111, 1, 1, 49, 29),
(1498, 1421664127304, 0, 1041, 1, 1, 50, 29),
(1499, 1421664127306, 0, 2674, 1, 1, 51, 29),
(1500, 1421664127307, 0, 101, 1, 1, 52, 29),
(1501, 1421664127308, 0, 2579, 1, 1, 53, 29),
(1502, 1421664127310, 0, 1420, 1, 1, 54, 29),
(1503, 1421664127312, 0, 1978, 1, 1, 55, 29),
(1504, 1421664127314, 0, 2238, 1, 1, 56, 29),
(1505, 1421664127316, 0, 609, 1, 2, 57, 29),
(1506, 1421664127317, 0, 307, 1, 1, 58, 29),
(1507, 1421664127318, 0, 908, 1, 1, 59, 29),
(1508, 1421664127319, 0, 1094, 2, 2, 66, 29),
(1509, 1421664127322, 0, 347, 2, 2, 68, 29),
(1510, 1421664127323, 0, 135, 1, 1, 74, 29),
(1511, 1421664127324, 0, 20, 3, 1, 75, 29),
(1512, 1421664127325, 0, 76, 1, 2, 77, 29),
(1513, 1421664127326, 0, 1990, 2, 2, 79, 29),
(1514, 1421664127328, 0, 2255, 2, 2, 81, 29),
(1515, 1421664133650, 0, 311, 1, 2, 1, 30),
(1516, 1421664133652, 0, 102, 3, 1, 2, 30),
(1517, 1421664133653, 0, 254, 2, 2, 3, 30),
(1518, 1421664133654, 0, 327, 1, 2, 5, 30),
(1519, 1421664133655, 0, 7099, 2, 2, 6, 30),
(1520, 1421664133656, 0, 545, 1, 2, 7, 30),
(1521, 1421664133657, 0, 1469, 2, 2, 9, 30),
(1522, 1421664133658, 0, 1470, 2, 2, 10, 30),
(1523, 1421664133660, 0, 791, 2, 2, 11, 30),
(1524, 1421664133661, 0, 148, 1, 2, 12, 30),
(1525, 1421664133663, 0, 393, 2, 2, 13, 30),
(1526, 1421664133665, 0, 271, 2, 2, 14, 30),
(1527, 1421664133666, 0, 321, 2, 2, 15, 30),
(1528, 1421664133668, 0, 1657, 2, 2, 16, 30),
(1529, 1421664133669, 0, 103, 1, 1, 17, 30),
(1530, 1421664133671, 0, 909, 1, 1, 18, 30),
(1531, 1421664133672, 0, 7040, 1, 1, 19, 30),
(1532, 1421664133674, 0, 235, 2, 2, 20, 30),
(1533, 1421664133676, 0, 740, 2, 2, 21, 30),
(1534, 1421664133677, 0, 321, 2, 2, 24, 30),
(1535, 1421664133679, 0, 263, 2, 2, 29, 30),
(1536, 1421664133680, 0, 609, 1, 2, 30, 30),
(1537, 1421664133683, 0, 545, 1, 2, 31, 30),
(1538, 1421664133685, 0, 311, 1, 2, 32, 30),
(1539, 1421664133687, 0, 7095, 2, 2, 36, 30),
(1540, 1421664133690, 0, 7099, 2, 2, 37, 30),
(1541, 1421664133693, 0, 311, 1, 1, 38, 30),
(1542, 1421664133695, 0, 8410, 1, 1, 39, 30),
(1543, 1421664133696, 0, 713, 1, 1, 40, 30),
(1544, 1421664133698, 0, 463, 1, 1, 41, 30),
(1545, 1421664133700, 0, 5249, 1, 1, 42, 30),
(1546, 1421664133701, 0, 9912, 1, 1, 43, 30),
(1547, 1421664133702, 0, 6199, 1, 1, 44, 30),
(1548, 1421664133704, 0, 1635, 1, 1, 45, 30),
(1549, 1421664133706, 0, 13969, 1, 1, 46, 30),
(1550, 1421664133709, 0, 5072, 1, 1, 48, 30),
(1551, 1421664133711, 0, 4111, 1, 1, 49, 30),
(1552, 1421664133713, 0, 1041, 1, 1, 50, 30),
(1553, 1421664133715, 0, 2673, 1, 1, 51, 30),
(1554, 1421664133716, 0, 102, 1, 1, 52, 30),
(1555, 1421664133717, 0, 2578, 1, 1, 53, 30),
(1556, 1421664133718, 0, 1184, 3, 1, 54, 30),
(1557, 1421664133720, 0, 1978, 1, 1, 55, 30),
(1558, 1421664133722, 0, 2257, 1, 1, 56, 30),
(1559, 1421664133724, 0, 620, 1, 2, 57, 30),
(1560, 1421664133726, 0, 307, 1, 1, 58, 30),
(1561, 1421664133728, 0, 908, 1, 1, 59, 30),
(1562, 1421664133729, 0, 1094, 2, 2, 66, 30),
(1563, 1421664133730, 0, 347, 2, 2, 68, 30),
(1564, 1421664133732, 0, 148, 1, 1, 74, 30),
(1565, 1421664133733, 0, 20, 3, 1, 75, 30),
(1566, 1421664133734, 0, 76, 1, 2, 77, 30),
(1567, 1421664133735, 0, 1992, 2, 2, 79, 30),
(1568, 1421664133737, 0, 2260, 2, 2, 81, 30),
(1569, 1421664139058, 0, 224, 2, 1, 1, 31),
(1570, 1421664139060, 0, 112, 2, 1, 2, 31),
(1571, 1421664139061, 0, 195, 1, 2, 3, 31),
(1572, 1421664139062, 0, 319, 1, 2, 5, 31),
(1573, 1421664139063, 0, 7347, 3, 2, 6, 31),
(1574, 1421664139065, 0, 533, 1, 2, 7, 31),
(1575, 1421664139066, 0, 1388, 1, 2, 9, 31),
(1576, 1421664139068, 0, 1388, 1, 2, 10, 31),
(1577, 1421664139069, 0, 408, 1, 2, 11, 31),
(1578, 1421664139070, 0, 143, 1, 2, 12, 31),
(1579, 1421664139072, 0, 319, 1, 2, 13, 31),
(1580, 1421664139074, 0, 210, 1, 2, 14, 31),
(1581, 1421664139075, 0, 255, 1, 2, 15, 31),
(1582, 1421664139077, 0, 0, 1, 2, 16, 31),
(1583, 1421664139078, 0, 76, 2, 1, 17, 31),
(1584, 1421664139079, 0, 788, 2, 1, 18, 31),
(1585, 1421664139080, 0, 6556, 2, 1, 19, 31),
(1586, 1421664139081, 0, 177, 1, 2, 20, 31),
(1587, 1421664139082, 0, 631, 1, 2, 21, 31),
(1588, 1421664139083, 0, 255, 1, 2, 24, 31),
(1589, 1421664139084, 0, 337, 3, 2, 29, 31),
(1590, 1421664139085, 0, 533, 1, 2, 31, 31),
(1591, 1421664139086, 0, 304, 1, 2, 32, 31),
(1592, 1421664139088, 0, 319, 1, 2, 34, 31),
(1593, 1421664139090, 0, 6871, 1, 2, 36, 31),
(1594, 1421664139092, 0, 6871, 1, 2, 37, 31),
(1595, 1421664139094, 0, 252, 2, 1, 38, 31),
(1596, 1421664139095, 0, 8062, 2, 1, 39, 31),
(1597, 1421664139096, 0, 605, 2, 1, 40, 31),
(1598, 1421664139097, 0, 389, 2, 1, 41, 31),
(1599, 1421664139098, 0, 5001, 2, 1, 42, 31),
(1600, 1421664139099, 0, 9306, 2, 1, 43, 31),
(1601, 1421664139100, 0, 5756, 2, 1, 44, 31),
(1602, 1421664139101, 0, 1448, 2, 1, 45, 31),
(1603, 1421664139102, 0, 4643, 2, 1, 48, 31),
(1604, 1421664139103, 0, 3780, 2, 1, 49, 31),
(1605, 1421664139105, 0, 907, 2, 1, 50, 31),
(1606, 1421664139124, 0, 2494, 2, 1, 51, 31),
(1607, 1421664139126, 0, 283, 3, 2, 52, 31),
(1608, 1421664139128, 0, 2834, 2, 2, 53, 31),
(1609, 1421664139129, 0, 1750, 3, 2, 54, 31),
(1610, 1421664139131, 0, 2345, 3, 2, 55, 31),
(1611, 1421664139132, 0, 1643, 3, 2, 56, 31),
(1612, 1421664139133, 0, 819, 3, 2, 57, 31),
(1613, 1421664139134, 0, 499, 3, 2, 58, 31),
(1614, 1421664139135, 0, 1181, 3, 2, 59, 31),
(1615, 1421664139136, 0, 2809, 1, 2, 62, 31),
(1616, 1421664139137, 0, 429, 3, 2, 68, 31),
(1617, 1421664139138, 0, 6681, 3, 2, 70, 31),
(1618, 1421664139139, 0, 114, 2, 1, 74, 31),
(1619, 1421664139141, 0, 20, 2, 1, 75, 31),
(1620, 1421664139143, 0, 109, 3, 2, 76, 31),
(1621, 1421664139145, 0, 71, 1, 2, 77, 31),
(1622, 1421664139147, 0, 1891, 1, 2, 79, 31),
(1623, 1421664139148, 0, 2145, 1, 2, 81, 31),
(1624, 1421664145228, 0, 94, 3, 1, 2, 32),
(1625, 1421664145229, 0, 236, 2, 1, 5, 32),
(1626, 1421664145230, 0, 6639, 1, 2, 6, 32),
(1627, 1421664145231, 0, 432, 2, 1, 7, 32),
(1628, 1421664145232, 0, 183, 2, 2, 8, 32),
(1629, 1421664145233, 0, 1315, 1, 2, 9, 32),
(1630, 1421664145234, 0, 1315, 1, 2, 10, 32),
(1631, 1421664145236, 0, 470, 2, 2, 11, 32),
(1632, 1421664145237, 0, 45, 3, 1, 12, 32),
(1633, 1421664145240, 0, 329, 1, 2, 13, 32),
(1634, 1421664145241, 0, 219, 1, 2, 14, 32),
(1635, 1421664145243, 0, 264, 1, 2, 15, 32),
(1636, 1421664145244, 0, 1490, 1, 2, 16, 32),
(1637, 1421664145246, 0, 214, 2, 2, 17, 32),
(1638, 1421664145248, 0, 1023, 2, 2, 18, 32),
(1639, 1421664145249, 0, 6968, 2, 2, 19, 32),
(1640, 1421664145250, 0, 206, 2, 2, 20, 32),
(1641, 1421664145251, 0, 737, 2, 2, 21, 32),
(1642, 1421664145252, 0, 264, 1, 2, 24, 32),
(1643, 1421664145253, 0, 269, 3, 1, 25, 32),
(1644, 1421664145254, 0, 1929, 3, 1, 26, 32),
(1645, 1421664145255, 0, 3747, 3, 1, 28, 32),
(1646, 1421664145256, 0, 429, 3, 1, 30, 32),
(1647, 1421664145258, 0, 432, 2, 1, 31, 32),
(1648, 1421664145259, 0, 182, 3, 1, 32, 32),
(1649, 1421664145260, 0, 213, 2, 1, 34, 32),
(1650, 1421664145262, 0, 7030, 2, 2, 36, 32),
(1651, 1421664145263, 0, 6639, 1, 2, 37, 32),
(1652, 1421664145265, 0, 407, 2, 2, 38, 32),
(1653, 1421664145266, 0, 8536, 2, 2, 39, 32),
(1654, 1421664145267, 0, 810, 2, 2, 40, 32),
(1655, 1421664145268, 0, 530, 2, 2, 41, 32),
(1656, 1421664145269, 0, 5421, 2, 2, 42, 32),
(1657, 1421664145271, 0, 9737, 2, 2, 43, 32),
(1658, 1421664145274, 0, 6122, 2, 2, 44, 32),
(1659, 1421664145275, 0, 1691, 2, 2, 45, 32),
(1660, 1421664145276, 0, 13524, 2, 2, 46, 32),
(1661, 1421664145278, 0, 18811, 2, 2, 47, 32),
(1662, 1421664145279, 0, 5086, 2, 2, 48, 32),
(1663, 1421664145280, 0, 4162, 2, 2, 49, 32),
(1664, 1421664145282, 0, 1139, 2, 2, 50, 32),
(1665, 1421664145285, 0, 2867, 2, 2, 51, 32),
(1666, 1421664145287, 0, 3932, 2, 2, 65, 32),
(1667, 1421664145288, 0, 373, 3, 1, 67, 32),
(1668, 1421664145290, 0, 349, 2, 2, 68, 32),
(1669, 1421664145291, 0, 1973, 2, 2, 71, 32),
(1670, 1421664145292, 0, 212, 2, 2, 72, 32),
(1671, 1421664145294, 0, 418, 1, 2, 73, 32),
(1672, 1421664145295, 0, 249, 2, 2, 74, 32),
(1673, 1421664145298, 0, 19, 2, 1, 75, 32),
(1674, 1421664145300, 0, 31, 3, 1, 77, 32),
(1675, 1421664145303, 0, 1801, 1, 2, 79, 32),
(1676, 1421664145304, 0, 2052, 1, 2, 81, 32),
(1677, 1421664151315, 0, 97, 3, 1, 2, 33),
(1678, 1421664151316, 0, 117, 2, 1, 3, 33),
(1679, 1421664151318, 0, 264, 2, 2, 4, 33),
(1680, 1421664151320, 0, 329, 1, 2, 5, 33),
(1681, 1421664151321, 0, 6696, 1, 2, 6, 33),
(1682, 1421664151323, 0, 545, 1, 2, 7, 33),
(1683, 1421664151324, 0, 51, 2, 1, 8, 33),
(1684, 1421664151325, 0, 1052, 3, 1, 9, 33),
(1685, 1421664151326, 0, 1052, 3, 1, 10, 33),
(1686, 1421664151327, 0, 318, 2, 1, 11, 33),
(1687, 1421664151327, 0, 195, 3, 1, 13, 33),
(1688, 1421664151328, 0, 105, 3, 1, 14, 33),
(1689, 1421664151330, 0, 1209, 3, 1, 16, 33),
(1690, 1421664151332, 0, 100, 2, 1, 20, 33),
(1691, 1421664151334, 0, 727, 2, 2, 21, 33),
(1692, 1421664151336, 0, 143, 3, 1, 24, 33),
(1693, 1421664151337, 0, 418, 1, 2, 25, 33),
(1694, 1421664151339, 0, 2181, 1, 2, 26, 33),
(1695, 1421664151340, 0, 4181, 1, 2, 28, 33),
(1696, 1421664151341, 0, 545, 1, 2, 31, 33),
(1697, 1421664151342, 0, 313, 1, 2, 32, 33),
(1698, 1421664151344, 0, 1116, 2, 2, 33, 33),
(1699, 1421664151345, 0, 329, 1, 2, 34, 33),
(1700, 1421664151346, 0, 7030, 2, 2, 36, 33),
(1701, 1421664151347, 0, 6639, 1, 2, 37, 33),
(1702, 1421664151347, 0, 359, 2, 2, 63, 33),
(1703, 1421664151350, 0, 5018, 2, 2, 69, 33),
(1704, 1421664151352, 0, 99, 2, 1, 72, 33),
(1705, 1421664151353, 0, 317, 2, 1, 73, 33),
(1706, 1421664151355, 0, 74, 2, 2, 75, 33),
(1707, 1421664151356, 0, 1801, 1, 2, 79, 33),
(1708, 1421664151357, 0, 2135, 2, 2, 81, 33),
(1709, 1421664157761, 0, 103, 3, 1, 2, 34),
(1710, 1421664157764, 0, 293, 1, 1, 5, 34),
(1711, 1421664157767, 0, 6696, 1, 2, 6, 34),
(1712, 1421664157769, 0, 524, 1, 1, 7, 34),
(1713, 1421664157771, 0, 142, 1, 2, 8, 34),
(1714, 1421664157772, 0, 1323, 1, 2, 9, 34),
(1715, 1421664157774, 0, 1323, 1, 2, 10, 34),
(1716, 1421664157775, 0, 671, 1, 2, 11, 34),
(1717, 1421664157776, 0, 47, 3, 1, 12, 34),
(1718, 1421664157777, 0, 327, 1, 2, 13, 34),
(1719, 1421664157778, 0, 215, 1, 2, 14, 34),
(1720, 1421664157780, 0, 262, 1, 2, 15, 34),
(1721, 1421664157783, 0, 1499, 1, 2, 16, 34),
(1722, 1421664157785, 0, 159, 1, 2, 17, 34),
(1723, 1421664157788, 0, 1004, 2, 2, 18, 34),
(1724, 1421664157789, 0, 6696, 1, 2, 19, 34),
(1725, 1421664157791, 0, 183, 1, 2, 20, 34),
(1726, 1421664157792, 0, 684, 2, 2, 21, 34),
(1727, 1421664157793, 0, 209, 1, 2, 22, 34),
(1728, 1421664157795, 0, 4808, 1, 2, 23, 34),
(1729, 1421664157797, 0, 262, 1, 2, 24, 34),
(1730, 1421664157801, 0, 392, 1, 1, 25, 34),
(1731, 1421664157804, 0, 2261, 1, 1, 26, 34),
(1732, 1421664157806, 0, 4433, 1, 1, 28, 34),
(1733, 1421664157807, 0, 588, 1, 1, 30, 34),
(1734, 1421664157809, 0, 525, 1, 1, 31, 34),
(1735, 1421664157810, 0, 279, 1, 1, 32, 34),
(1736, 1421664157811, 0, 271, 2, 1, 34, 34),
(1737, 1421664157812, 0, 7091, 2, 2, 36, 34),
(1738, 1421664157814, 0, 6698, 2, 2, 37, 34),
(1739, 1421664157815, 0, 342, 1, 2, 38, 34),
(1740, 1421664157817, 0, 8176, 1, 2, 39, 34),
(1741, 1421664157818, 0, 723, 1, 2, 40, 34),
(1742, 1421664157820, 0, 488, 1, 2, 41, 34),
(1743, 1421664157821, 0, 5400, 2, 2, 42, 34),
(1744, 1421664157822, 0, 9747, 2, 2, 43, 34),
(1745, 1421664157824, 0, 5949, 2, 2, 44, 34),
(1746, 1421664157825, 0, 1597, 1, 2, 45, 34),
(1747, 1421664157826, 0, 13049, 1, 2, 46, 34),
(1748, 1421664157828, 0, 18984, 2, 2, 47, 34),
(1749, 1421664157829, 0, 5042, 2, 2, 48, 34),
(1750, 1421664157830, 0, 4012, 2, 2, 49, 34),
(1751, 1421664157832, 0, 1034, 1, 2, 50, 34),
(1752, 1421664157834, 0, 2843, 2, 2, 51, 34),
(1753, 1421664157836, 0, 11205, 2, 2, 60, 34),
(1754, 1421664157838, 0, 11207, 2, 2, 61, 34),
(1755, 1421664157840, 0, 3785, 2, 2, 65, 34),
(1756, 1421664157841, 0, 525, 1, 1, 67, 34),
(1757, 1421664157843, 0, 347, 2, 2, 68, 34),
(1758, 1421664157844, 0, 1813, 1, 2, 71, 34),
(1759, 1421664157845, 0, 183, 1, 2, 72, 34),
(1760, 1421664157847, 0, 417, 1, 2, 73, 34),
(1761, 1421664157849, 0, 194, 1, 2, 74, 34),
(1762, 1421664157850, 0, 30, 1, 1, 75, 34),
(1763, 1421664157852, 0, 33, 3, 1, 77, 34),
(1764, 1421664157855, 0, 7055, 1, 1, 78, 34),
(1765, 1421664157857, 0, 1813, 1, 2, 79, 34),
(1766, 1421664157859, 0, 4215, 1, 2, 80, 34),
(1767, 1421664157861, 0, 2060, 1, 2, 81, 34),
(1768, 1421664163701, 0, 303, 1, 2, 1, 35),
(1769, 1421664163703, 0, 94, 3, 1, 2, 35),
(1770, 1421664163704, 0, 328, 3, 2, 3, 35),
(1771, 1421664163705, 0, 318, 1, 2, 5, 35),
(1772, 1421664163707, 0, 6858, 1, 2, 6, 35),
(1773, 1421664163708, 0, 532, 1, 2, 7, 35),
(1774, 1421664163710, 0, 1648, 3, 2, 9, 35),
(1775, 1421664163711, 0, 1562, 3, 2, 10, 35),
(1776, 1421664163712, 0, 589, 3, 2, 11, 35),
(1777, 1421664163713, 0, 175, 1, 2, 12, 35),
(1778, 1421664163713, 0, 479, 3, 2, 13, 35),
(1779, 1421664163714, 0, 346, 3, 2, 14, 35),
(1780, 1421664163715, 0, 255, 1, 2, 15, 35),
(1781, 1421664163715, 0, 1850, 3, 2, 16, 35),
(1782, 1421664163716, 0, 76, 2, 1, 17, 35),
(1783, 1421664163717, 0, 786, 2, 1, 18, 35),
(1784, 1421664163718, 0, 6544, 2, 1, 19, 35),
(1785, 1421664163718, 0, 307, 3, 2, 20, 35),
(1786, 1421664163720, 0, 803, 3, 2, 21, 35),
(1787, 1421664163721, 0, 5328, 3, 2, 23, 35),
(1788, 1421664163722, 0, 400, 3, 2, 24, 35),
(1789, 1421664163723, 0, 201, 1, 2, 29, 35),
(1790, 1421664163724, 0, 595, 1, 2, 30, 35),
(1791, 1421664163725, 0, 532, 1, 2, 31, 35),
(1792, 1421664163726, 0, 303, 1, 2, 32, 35),
(1793, 1421664163728, 0, 358, 1, 2, 34, 35),
(1794, 1421664163730, 0, 6622, 1, 2, 36, 35),
(1795, 1421664163733, 0, 6858, 1, 2, 37, 35),
(1796, 1421664163734, 0, 252, 2, 1, 38, 35),
(1797, 1421664163736, 0, 8082, 2, 1, 39, 35),
(1798, 1421664163737, 0, 603, 2, 1, 40, 35),
(1799, 1421664163738, 0, 389, 2, 1, 41, 35),
(1800, 1421664163739, 0, 4992, 2, 1, 42, 35),
(1801, 1421664163740, 0, 9270, 2, 1, 43, 35),
(1802, 1421664163742, 0, 5745, 2, 1, 44, 35),
(1803, 1421664163743, 0, 1446, 2, 1, 45, 35),
(1804, 1421664163744, 0, 13153, 2, 1, 46, 35),
(1805, 1421664163746, 0, 4628, 2, 1, 48, 35),
(1806, 1421664163747, 0, 3773, 2, 1, 49, 35),
(1807, 1421664163748, 0, 905, 2, 1, 50, 35),
(1808, 1421664163749, 0, 2490, 2, 1, 51, 35),
(1809, 1421664163750, 0, 82, 2, 1, 52, 35),
(1810, 1421664163753, 0, 2920, 2, 2, 53, 35),
(1811, 1421664163755, 0, 1647, 2, 2, 54, 35),
(1812, 1421664163757, 0, 2306, 3, 2, 55, 35),
(1813, 1421664163759, 0, 2561, 2, 2, 56, 35),
(1814, 1421664163760, 0, 705, 2, 2, 57, 35),
(1815, 1421664163760, 0, 259, 2, 1, 58, 35),
(1816, 1421664163761, 0, 1052, 2, 2, 59, 35),
(1817, 1421664163762, 0, 3362, 3, 2, 62, 35),
(1818, 1421664163763, 0, 1020, 2, 2, 66, 35),
(1819, 1421664163764, 0, 277, 1, 2, 68, 35),
(1820, 1421664163765, 0, 5796, 1, 2, 70, 35),
(1821, 1421664163765, 0, 113, 2, 1, 74, 35),
(1822, 1421664163766, 0, 17, 3, 1, 75, 35),
(1823, 1421664163769, 0, 108, 3, 2, 76, 35),
(1824, 1421664163771, 0, 71, 1, 2, 77, 35),
(1825, 1421664163774, 0, 0, 1, 2, 79, 35),
(1826, 1421664163775, 0, 0, 1, 2, 81, 35),
(1827, 1421664169044, 0, 233, 2, 1, 1, 36),
(1828, 1421664169046, 0, 94, 3, 1, 2, 36),
(1829, 1421664169046, 0, 328, 3, 2, 3, 36),
(1830, 1421664169047, 0, 318, 1, 2, 5, 36),
(1831, 1421664169049, 0, 6622, 1, 2, 6, 36),
(1832, 1421664169050, 0, 532, 1, 2, 7, 36),
(1833, 1421664169052, 0, 1648, 3, 2, 9, 36),
(1834, 1421664169053, 0, 1648, 3, 2, 10, 36),
(1835, 1421664169054, 0, 589, 3, 2, 11, 36),
(1836, 1421664169055, 0, 143, 1, 2, 12, 36),
(1837, 1421664169056, 0, 479, 3, 2, 13, 36),
(1838, 1421664169058, 0, 346, 3, 2, 14, 36),
(1839, 1421664169060, 0, 255, 1, 2, 15, 36),
(1840, 1421664169061, 0, 1850, 3, 2, 16, 36),
(1841, 1421664169062, 0, 76, 2, 1, 17, 36),
(1842, 1421664169063, 0, 786, 2, 1, 18, 36),
(1843, 1421664169064, 0, 6543, 2, 1, 19, 36),
(1844, 1421664169066, 0, 307, 3, 2, 20, 36),
(1845, 1421664169068, 0, 860, 3, 2, 21, 36),
(1846, 1421664169069, 0, 5521, 3, 2, 23, 36),
(1847, 1421664169070, 0, 400, 3, 2, 24, 36),
(1848, 1421664169072, 0, 201, 1, 2, 29, 36),
(1849, 1421664169073, 0, 595, 1, 2, 30, 36),
(1850, 1421664169075, 0, 532, 1, 2, 31, 36),
(1851, 1421664169076, 0, 303, 1, 2, 32, 36),
(1852, 1421664169078, 0, 318, 1, 2, 34, 36),
(1853, 1421664169081, 0, 6622, 1, 2, 36, 36),
(1854, 1421664169083, 0, 6858, 1, 2, 37, 36),
(1855, 1421664169085, 0, 251, 2, 1, 38, 36),
(1856, 1421664169086, 0, 8276, 2, 1, 39, 36),
(1857, 1421664169087, 0, 603, 2, 1, 40, 36),
(1858, 1421664169088, 0, 389, 2, 1, 41, 36),
(1859, 1421664169089, 0, 4991, 2, 1, 42, 36),
(1860, 1421664169091, 0, 9270, 2, 1, 43, 36),
(1861, 1421664169093, 0, 5745, 2, 1, 44, 36),
(1862, 1421664169094, 0, 1445, 2, 1, 45, 36),
(1863, 1421664169096, 0, 13531, 1, 1, 46, 36),
(1864, 1421664169097, 0, 4628, 2, 1, 48, 36),
(1865, 1421664169100, 0, 3773, 2, 1, 49, 36),
(1866, 1421664169101, 0, 905, 2, 1, 50, 36),
(1867, 1421664169103, 0, 2489, 2, 1, 51, 36),
(1868, 1421664169105, 0, 154, 1, 2, 52, 36),
(1869, 1421664169107, 0, 2951, 3, 2, 53, 36),
(1870, 1421664169109, 0, 1713, 2, 2, 54, 36),
(1871, 1421664169111, 0, 2324, 3, 2, 55, 36),
(1872, 1421664169113, 0, 2620, 3, 2, 56, 36),
(1873, 1421664169114, 0, 777, 2, 2, 57, 36),
(1874, 1421664169116, 0, 409, 2, 2, 58, 36),
(1875, 1421664169117, 0, 1104, 2, 2, 59, 36),
(1876, 1421664169119, 0, 3362, 3, 2, 62, 36),
(1877, 1421664169120, 0, 1079, 2, 2, 66, 36),
(1878, 1421664169123, 0, 277, 1, 2, 68, 36),
(1879, 1421664169125, 0, 5796, 1, 2, 70, 36),
(1880, 1421664169128, 0, 113, 2, 1, 74, 36),
(1881, 1421664169131, 0, 14, 3, 1, 75, 36),
(1882, 1421664169133, 0, 108, 3, 2, 76, 36),
(1883, 1421664169134, 0, 71, 1, 2, 77, 36),
(1884, 1421664169136, 0, 0, 1, 2, 79, 36),
(1885, 1421664169139, 0, 0, 1, 2, 81, 36),
(1886, 1421664174857, 0, 203, 2, 1, 2, 37),
(1887, 1421664174858, 0, 285, 2, 1, 5, 37),
(1888, 1421664174859, 0, 7024, 2, 2, 6, 37),
(1889, 1421664174861, 0, 523, 1, 1, 7, 37),
(1890, 1421664174862, 0, 144, 1, 2, 8, 37),
(1891, 1421664174864, 0, 1340, 2, 2, 9, 37),
(1892, 1421664174865, 0, 1401, 2, 2, 10, 37),
(1893, 1421664174866, 0, 731, 2, 2, 11, 37),
(1894, 1421664174867, 0, 47, 3, 1, 12, 37),
(1895, 1421664174867, 0, 398, 2, 2, 13, 37),
(1896, 1421664174868, 0, 289, 2, 2, 14, 37),
(1897, 1421664174869, 0, 318, 2, 2, 15, 37),
(1898, 1421664174870, 0, 1578, 2, 2, 16, 37),
(1899, 1421664174871, 0, 208, 2, 2, 17, 37),
(1900, 1421664174871, 0, 1101, 2, 2, 18, 37),
(1901, 1421664174872, 0, 7493, 3, 2, 19, 37),
(1902, 1421664174873, 0, 181, 1, 2, 20, 37),
(1903, 1421664174874, 0, 712, 2, 2, 21, 37),
(1904, 1421664174875, 0, 5038, 2, 2, 23, 37),
(1905, 1421664174876, 0, 259, 1, 2, 24, 37),
(1906, 1421664174877, 0, 348, 2, 1, 25, 37),
(1907, 1421664174878, 0, 2257, 1, 1, 26, 37),
(1908, 1421664174878, 0, 4075, 2, 1, 28, 37),
(1909, 1421664174879, 0, 492, 2, 1, 30, 37),
(1910, 1421664174880, 0, 385, 3, 1, 31, 37),
(1911, 1421664174881, 0, 278, 1, 1, 32, 37),
(1912, 1421664174882, 0, 216, 3, 1, 34, 37),
(1913, 1421664174883, 0, 7493, 3, 2, 36, 37),
(1914, 1421664174883, 0, 7024, 2, 2, 37, 37),
(1915, 1421664174885, 0, 486, 3, 2, 38, 37),
(1916, 1421664174887, 0, 8882, 2, 2, 39, 37),
(1917, 1421664174889, 0, 843, 2, 2, 40, 37),
(1918, 1421664174891, 0, 554, 2, 2, 41, 37),
(1919, 1421664174892, 0, 5350, 2, 2, 42, 37),
(1920, 1421664174893, 0, 9616, 2, 2, 43, 37),
(1921, 1421664174896, 0, 6407, 2, 2, 44, 37),
(1922, 1421664174897, 0, 1813, 2, 2, 45, 37),
(1923, 1421664174898, 0, 13715, 2, 2, 46, 37),
(1924, 1421664174898, 0, 18806, 2, 2, 47, 37),
(1925, 1421664174899, 0, 5279, 2, 2, 48, 37),
(1926, 1421664174900, 0, 4470, 3, 2, 49, 37),
(1927, 1421664174901, 0, 1231, 2, 2, 50, 37),
(1928, 1421664174902, 0, 3128, 3, 2, 51, 37),
(1929, 1421664174903, 0, 3931, 2, 2, 65, 37),
(1930, 1421664174904, 0, 385, 3, 1, 67, 37),
(1931, 1421664174906, 0, 343, 2, 2, 68, 37),
(1932, 1421664174908, 0, 2179, 3, 2, 71, 37),
(1933, 1421664174909, 0, 223, 2, 2, 72, 37),
(1934, 1421664174912, 0, 447, 2, 2, 73, 37),
(1935, 1421664174913, 0, 244, 2, 2, 74, 37),
(1936, 1421664174914, 0, 30, 1, 1, 75, 37),
(1937, 1421664174915, 0, 33, 3, 1, 77, 37),
(1938, 1421664174916, 0, 1970, 2, 2, 79, 37),
(1939, 1421664174917, 0, 2230, 2, 2, 81, 37),
(1940, 1421664180346, 0, 192, 2, 2, 2, 38),
(1941, 1421664180347, 0, 138, 1, 1, 3, 38),
(1942, 1421664180348, 0, 382, 2, 2, 5, 38),
(1943, 1421664180350, 0, 7024, 2, 2, 6, 38),
(1944, 1421664180351, 0, 566, 2, 2, 7, 38),
(1945, 1421664180352, 0, 77, 1, 1, 8, 38),
(1946, 1421664180353, 0, 1627, 3, 2, 9, 38),
(1947, 1421664180354, 0, 1109, 3, 1, 10, 38),
(1948, 1421664180355, 0, 664, 1, 2, 11, 38),
(1949, 1421664180356, 0, 290, 1, 1, 13, 38),
(1950, 1421664180356, 0, 168, 1, 1, 14, 38),
(1951, 1421664180357, 0, 1485, 1, 2, 16, 38),
(1952, 1421664180358, 0, 250, 2, 2, 20, 38),
(1953, 1421664180359, 0, 845, 3, 2, 21, 38),
(1954, 1421664180360, 0, 5057, 1, 1, 23, 38),
(1955, 1421664180361, 0, 259, 1, 2, 24, 38),
(1956, 1421664180362, 0, 427, 1, 2, 25, 38),
(1957, 1421664180363, 0, 2176, 1, 2, 26, 38),
(1958, 1421664180363, 0, 4663, 2, 2, 28, 38),
(1959, 1421664180364, 0, 727, 3, 2, 31, 38),
(1960, 1421664180365, 0, 308, 1, 2, 32, 38),
(1961, 1421664180366, 0, 1148, 2, 2, 33, 38),
(1962, 1421664180366, 0, 467, 3, 2, 34, 38),
(1963, 1421664180367, 0, 7024, 2, 2, 36, 38),
(1964, 1421664180368, 0, 7024, 2, 2, 37, 38),
(1965, 1421664180369, 0, 372, 2, 2, 63, 38),
(1966, 1421664180369, 0, 343, 2, 2, 64, 38),
(1967, 1421664180370, 0, 5082, 2, 2, 69, 38),
(1968, 1421664180372, 0, 133, 1, 1, 72, 38),
(1969, 1421664180373, 0, 392, 1, 1, 73, 38),
(1970, 1421664180375, 0, 98, 3, 2, 75, 38),
(1971, 1421664180377, 0, 1970, 2, 2, 79, 38),
(1972, 1421664180378, 0, 2229, 2, 2, 81, 38),
(1973, 1421664186994, 0, 203, 2, 1, 2, 39),
(1974, 1421664186995, 0, 285, 2, 1, 5, 39),
(1975, 1421664186996, 0, 7024, 2, 2, 6, 39),
(1976, 1421664186997, 0, 523, 1, 1, 7, 39),
(1977, 1421664186998, 0, 242, 3, 2, 8, 39),
(1978, 1421664186999, 0, 1627, 3, 2, 9, 39),
(1979, 1421664187000, 0, 1627, 3, 2, 10, 39),
(1980, 1421664187002, 0, 925, 3, 2, 11, 39),
(1981, 1421664187004, 0, 47, 3, 1, 12, 39),
(1982, 1421664187006, 0, 464, 3, 2, 13, 39),
(1983, 1421664187007, 0, 213, 1, 2, 14, 39),
(1984, 1421664187008, 0, 318, 2, 2, 15, 39),
(1985, 1421664187009, 0, 1516, 1, 2, 16, 39),
(1986, 1421664187010, 0, 263, 3, 2, 17, 39),
(1987, 1421664187011, 0, 1161, 3, 2, 18, 39),
(1988, 1421664187012, 0, 7252, 2, 2, 19, 39),
(1989, 1421664187013, 0, 295, 3, 2, 20, 39),
(1990, 1421664187014, 0, 845, 3, 2, 21, 39),
(1991, 1421664187015, 0, 4763, 1, 2, 23, 39),
(1992, 1421664187016, 0, 259, 1, 2, 24, 39),
(1993, 1421664187017, 0, 319, 2, 1, 25, 39),
(1994, 1421664187018, 0, 2257, 1, 1, 26, 39),
(1995, 1421664187019, 0, 4424, 1, 1, 28, 39),
(1996, 1421664187020, 0, 463, 3, 1, 30, 39),
(1997, 1421664187021, 0, 385, 3, 1, 31, 39),
(1998, 1421664187022, 0, 278, 1, 1, 32, 39),
(1999, 1421664187024, 0, 203, 3, 1, 34, 39),
(2000, 1421664187026, 0, 7024, 2, 2, 36, 39),
(2001, 1421664187027, 0, 7024, 2, 2, 37, 39),
(2002, 1421664187029, 0, 486, 3, 2, 38, 39),
(2003, 1421664187030, 0, 8412, 2, 2, 39, 39),
(2004, 1421664187032, 0, 937, 3, 2, 40, 39),
(2005, 1421664187034, 0, 661, 3, 2, 41, 39),
(2006, 1421664187036, 0, 5402, 2, 2, 42, 39),
(2007, 1421664187040, 0, 10313, 3, 2, 43, 39),
(2008, 1421664187041, 0, 6223, 2, 2, 44, 39),
(2009, 1421664187042, 0, 1790, 2, 2, 45, 39),
(2010, 1421664187044, 0, 13506, 2, 2, 46, 39),
(2011, 1421664187045, 0, 18806, 2, 2, 47, 39),
(2012, 1421664187046, 0, 5464, 3, 2, 48, 39),
(2013, 1421664187047, 0, 4331, 2, 2, 49, 39),
(2014, 1421664187049, 0, 1127, 2, 2, 50, 39),
(2015, 1421664187052, 0, 2907, 2, 2, 51, 39),
(2016, 1421664187054, 0, 4202, 3, 2, 65, 39),
(2017, 1421664187056, 0, 385, 3, 1, 67, 39),
(2018, 1421664187058, 0, 343, 2, 2, 68, 39),
(2019, 1421664187059, 0, 2179, 3, 2, 71, 39),
(2020, 1421664187061, 0, 181, 1, 2, 72, 39),
(2021, 1421664187062, 0, 474, 2, 2, 73, 39),
(2022, 1421664187063, 0, 245, 2, 2, 74, 39),
(2023, 1421664187066, 0, 30, 1, 1, 75, 39),
(2024, 1421664187068, 0, 33, 3, 1, 77, 39),
(2025, 1421664187070, 0, 1970, 2, 2, 79, 39),
(2026, 1421664187072, 0, 2229, 2, 2, 81, 39),
(2027, 1421664193531, 0, 203, 2, 1, 2, 40),
(2028, 1421664193533, 0, 285, 2, 1, 5, 40),
(2029, 1421664193533, 0, 7024, 2, 2, 6, 40),
(2030, 1421664193534, 0, 523, 1, 1, 7, 40),
(2031, 1421664193535, 0, 193, 2, 2, 8, 40),
(2032, 1421664193535, 0, 1627, 2, 2, 9, 40),
(2033, 1421664193536, 0, 1310, 1, 2, 10, 40),
(2034, 1421664193537, 0, 680, 1, 2, 11, 40),
(2035, 1421664193538, 0, 47, 3, 1, 12, 40),
(2036, 1421664193539, 0, 324, 1, 2, 13, 40),
(2037, 1421664193540, 0, 333, 3, 2, 14, 40),
(2038, 1421664193540, 0, 318, 2, 2, 15, 40),
(2039, 1421664193541, 0, 1546, 2, 2, 16, 40),
(2040, 1421664193542, 0, 208, 2, 2, 17, 40),
(2041, 1421664193543, 0, 1051, 2, 2, 18, 40),
(2042, 1421664193544, 0, 6956, 2, 2, 19, 40),
(2043, 1421664193546, 0, 181, 1, 2, 20, 40),
(2044, 1421664193547, 0, 712, 2, 2, 21, 40),
(2045, 1421664193548, 0, 4763, 1, 2, 23, 40),
(2046, 1421664193549, 0, 259, 1, 2, 24, 40),
(2047, 1421664193551, 0, 348, 2, 1, 25, 40),
(2048, 1421664193554, 0, 2257, 1, 1, 26, 40),
(2049, 1421664193557, 0, 4075, 2, 1, 28, 40),
(2050, 1421664193558, 0, 492, 2, 1, 30, 40),
(2051, 1421664193560, 0, 385, 3, 1, 31, 40),
(2052, 1421664193561, 0, 278, 1, 1, 32, 40),
(2053, 1421664193563, 0, 216, 3, 1, 34, 40),
(2054, 1421664193564, 0, 7024, 2, 2, 36, 40),
(2055, 1421664193565, 0, 7024, 2, 2, 37, 40),
(2056, 1421664193567, 0, 428, 2, 2, 38, 40),
(2057, 1421664193569, 0, 8592, 2, 2, 39, 40),
(2058, 1421664193572, 0, 735, 1, 2, 40, 40),
(2059, 1421664193573, 0, 515, 2, 2, 41, 40),
(2060, 1421664193575, 0, 5517, 2, 2, 42, 40),
(2061, 1421664193576, 0, 9254, 1, 2, 43, 40),
(2062, 1421664193578, 0, 6431, 2, 2, 44, 40),
(2063, 1421664193580, 0, 1829, 2, 2, 45, 40),
(2064, 1421664193582, 0, 13501, 2, 2, 46, 40),
(2065, 1421664193582, 0, 18806, 2, 2, 47, 40),
(2066, 1421664193583, 0, 5067, 2, 2, 48, 40),
(2067, 1421664193584, 0, 4171, 2, 2, 49, 40),
(2068, 1421664193586, 0, 1182, 2, 2, 50, 40),
(2069, 1421664193587, 0, 2865, 2, 2, 51, 40),
(2070, 1421664193588, 0, 3931, 2, 2, 65, 40),
(2071, 1421664193590, 0, 385, 3, 1, 67, 40),
(2072, 1421664193591, 0, 343, 2, 2, 68, 40),
(2073, 1421664193592, 0, 1970, 2, 2, 71, 40),
(2074, 1421664193593, 0, 181, 1, 2, 72, 40),
(2075, 1421664193594, 0, 413, 1, 2, 73, 40),
(2076, 1421664193595, 0, 244, 2, 2, 74, 40),
(2077, 1421664193596, 0, 30, 1, 1, 75, 40),
(2078, 1421664193597, 0, 33, 3, 1, 77, 40),
(2079, 1421664193599, 0, 1970, 2, 2, 79, 40),
(2080, 1421664193600, 0, 2230, 2, 2, 81, 40),
(2081, 1421664200028, 0, 200, 2, 1, 2, 41),
(2082, 1421664200029, 0, 282, 2, 1, 5, 41),
(2083, 1421664200030, 0, 7024, 2, 2, 6, 41),
(2084, 1421664200031, 0, 523, 1, 1, 7, 41),
(2085, 1421664200033, 0, 155, 2, 2, 8, 41),
(2086, 1421664200034, 0, 1349, 2, 2, 9, 41),
(2087, 1421664200035, 0, 1351, 2, 2, 10, 41),
(2088, 1421664200037, 0, 676, 1, 2, 11, 41),
(2089, 1421664200037, 0, 47, 3, 1, 12, 41),
(2090, 1421664200038, 0, 325, 1, 2, 13, 41),
(2091, 1421664200039, 0, 229, 2, 2, 14, 41),
(2092, 1421664200040, 0, 318, 2, 2, 15, 41),
(2093, 1421664200041, 0, 1605, 2, 2, 16, 41),
(2094, 1421664200042, 0, 208, 2, 2, 17, 41),
(2095, 1421664200043, 0, 1042, 2, 2, 18, 41),
(2096, 1421664200044, 0, 7172, 2, 2, 19, 41),
(2097, 1421664200046, 0, 245, 2, 2, 20, 41),
(2098, 1421664200047, 0, 718, 2, 2, 21, 41),
(2099, 1421664200048, 0, 4934, 2, 2, 23, 41),
(2100, 1421664200049, 0, 376, 3, 2, 24, 41),
(2101, 1421664200050, 0, 291, 3, 1, 25, 41),
(2102, 1421664200051, 0, 2257, 1, 1, 26, 41),
(2103, 1421664200051, 0, 4424, 1, 1, 28, 41),
(2104, 1421664200052, 0, 437, 3, 1, 30, 41),
(2105, 1421664200053, 0, 385, 3, 1, 31, 41),
(2106, 1421664200054, 0, 278, 1, 1, 32, 41),
(2107, 1421664200056, 0, 201, 3, 1, 34, 41),
(2108, 1421664200057, 0, 7024, 2, 2, 36, 41),
(2109, 1421664200060, 0, 7024, 2, 2, 37, 41),
(2110, 1421664200062, 0, 419, 2, 2, 38, 41),
(2111, 1421664200063, 0, 9073, 3, 2, 39, 41),
(2112, 1421664200064, 0, 773, 2, 2, 40, 41),
(2113, 1421664200066, 0, 584, 2, 2, 41, 41),
(2114, 1421664200066, 0, 5537, 2, 2, 42, 41),
(2115, 1421664200067, 0, 9943, 2, 2, 43, 41),
(2116, 1421664200068, 0, 6276, 2, 2, 44, 41),
(2117, 1421664200069, 0, 1805, 2, 2, 45, 41),
(2118, 1421664200071, 0, 13695, 2, 2, 46, 41),
(2119, 1421664200073, 0, 18806, 2, 2, 47, 41),
(2120, 1421664200075, 0, 5154, 2, 2, 48, 41),
(2121, 1421664200077, 0, 4404, 2, 2, 49, 41),
(2122, 1421664200079, 0, 1163, 2, 2, 50, 41),
(2123, 1421664200081, 0, 3084, 2, 2, 51, 41),
(2124, 1421664200083, 0, 3931, 2, 2, 65, 41),
(2125, 1421664200085, 0, 385, 3, 1, 67, 41),
(2126, 1421664200087, 0, 343, 2, 2, 68, 41),
(2127, 1421664200088, 0, 1970, 2, 2, 71, 41),
(2128, 1421664200090, 0, 208, 2, 2, 72, 41),
(2129, 1421664200091, 0, 494, 2, 2, 73, 41),
(2130, 1421664200111, 0, 309, 3, 2, 74, 41),
(2131, 1421664200114, 0, 30, 1, 1, 75, 41),
(2132, 1421664200117, 0, 33, 3, 1, 77, 41),
(2133, 1421664200119, 0, 1970, 2, 2, 79, 41),
(2134, 1421664200121, 0, 2229, 2, 2, 81, 41),
(2135, 1421664205494, 0, 203, 2, 1, 2, 42),
(2136, 1421664205495, 0, 285, 2, 1, 5, 42),
(2137, 1421664205497, 0, 7024, 2, 2, 6, 42),
(2138, 1421664205498, 0, 523, 1, 1, 7, 42),
(2139, 1421664205499, 0, 141, 1, 2, 8, 42),
(2140, 1421664205500, 0, 1310, 1, 2, 9, 42),
(2141, 1421664205502, 0, 1627, 3, 2, 10, 42),
(2142, 1421664205504, 0, 664, 1, 2, 11, 42),
(2143, 1421664205506, 0, 47, 3, 1, 12, 42),
(2144, 1421664205507, 0, 324, 1, 2, 13, 42),
(2145, 1421664205508, 0, 243, 2, 2, 14, 42),
(2146, 1421664205510, 0, 318, 2, 2, 15, 42),
(2147, 1421664205511, 0, 1485, 1, 2, 16, 42),
(2148, 1421664205512, 0, 270, 3, 2, 17, 42),
(2149, 1421664205513, 0, 1161, 3, 2, 18, 42),
(2150, 1421664205514, 0, 6999, 2, 2, 19, 42),
(2151, 1421664205515, 0, 181, 1, 2, 20, 42),
(2152, 1421664205516, 0, 845, 3, 2, 21, 42),
(2153, 1421664205517, 0, 4860, 2, 2, 23, 42),
(2154, 1421664205519, 0, 388, 3, 2, 24, 42),
(2155, 1421664205520, 0, 348, 2, 1, 25, 42),
(2156, 1421664205522, 0, 2257, 1, 1, 26, 42),
(2157, 1421664205523, 0, 4075, 2, 1, 28, 42),
(2158, 1421664205524, 0, 492, 2, 1, 30, 42),
(2159, 1421664205525, 0, 385, 3, 1, 31, 42),
(2160, 1421664205527, 0, 278, 1, 1, 32, 42),
(2161, 1421664205529, 0, 216, 3, 1, 34, 42),
(2162, 1421664205531, 0, 7024, 2, 2, 36, 42),
(2163, 1421664205532, 0, 7024, 2, 2, 37, 42),
(2164, 1421664205534, 0, 407, 2, 2, 38, 42),
(2165, 1421664205535, 0, 8365, 2, 2, 39, 42),
(2166, 1421664205536, 0, 716, 1, 2, 40, 42),
(2167, 1421664205537, 0, 563, 2, 2, 41, 42),
(2168, 1421664205538, 0, 5440, 2, 2, 42, 42),
(2169, 1421664205540, 0, 9413, 2, 2, 43, 42),
(2170, 1421664205541, 0, 6265, 2, 2, 44, 42),
(2171, 1421664205543, 0, 1745, 2, 2, 45, 42),
(2172, 1421664205544, 0, 13501, 2, 2, 46, 42),
(2173, 1421664205545, 0, 18806, 2, 2, 47, 42),
(2174, 1421664205546, 0, 5073, 2, 2, 48, 42),
(2175, 1421664205547, 0, 4171, 2, 2, 49, 42),
(2176, 1421664205549, 0, 1155, 2, 2, 50, 42),
(2177, 1421664205551, 0, 2819, 2, 2, 51, 42),
(2178, 1421664205553, 0, 4255, 3, 2, 65, 42),
(2179, 1421664205555, 0, 385, 3, 1, 67, 42),
(2180, 1421664205558, 0, 343, 2, 2, 68, 42),
(2181, 1421664205560, 0, 1970, 2, 2, 71, 42),
(2182, 1421664205562, 0, 295, 3, 2, 72, 42),
(2183, 1421664205563, 0, 413, 1, 2, 73, 42),
(2184, 1421664205565, 0, 244, 2, 2, 74, 42),
(2185, 1421664205566, 0, 30, 1, 1, 75, 42),
(2186, 1421664205568, 0, 33, 3, 1, 77, 42),
(2187, 1421664205570, 0, 1970, 2, 2, 79, 42),
(2188, 1421664205573, 0, 2230, 2, 2, 81, 42),
(2189, 1421664211351, 0, 223, 2, 1, 1, 43),
(2190, 1421664211352, 0, 94, 3, 1, 2, 43),
(2191, 1421664211353, 0, 324, 3, 2, 3, 43),
(2192, 1421664211353, 0, 315, 1, 2, 5, 43),
(2193, 1421664211354, 0, 6561, 1, 2, 6, 43),
(2194, 1421664211355, 0, 467, 2, 1, 7, 43),
(2195, 1421664211356, 0, 252, 2, 2, 8, 43),
(2196, 1421664211357, 0, 1627, 3, 2, 9, 43),
(2197, 1421664211357, 0, 1608, 3, 2, 10, 43),
(2198, 1421664211358, 0, 567, 2, 2, 11, 43),
(2199, 1421664211359, 0, 45, 3, 1, 12, 43),
(2200, 1421664211360, 0, 469, 3, 2, 13, 43),
(2201, 1421664211362, 0, 280, 2, 2, 14, 43),
(2202, 1421664211363, 0, 252, 1, 2, 15, 43),
(2203, 1421664211365, 0, 1826, 3, 2, 16, 43),
(2204, 1421664211366, 0, 231, 2, 2, 17, 43),
(2205, 1421664211368, 0, 1113, 2, 2, 18, 43),
(2206, 1421664211370, 0, 6891, 2, 2, 19, 43),
(2207, 1421664211372, 0, 302, 3, 2, 20, 43),
(2208, 1421664211373, 0, 783, 2, 2, 21, 43),
(2209, 1421664211375, 0, 395, 3, 2, 24, 43),
(2210, 1421664211376, 0, 268, 3, 1, 25, 43),
(2211, 1421664211378, 0, 1995, 2, 1, 26, 43),
(2212, 1421664211379, 0, 3734, 3, 1, 28, 43),
(2213, 1421664211380, 0, 199, 1, 2, 29, 43),
(2214, 1421664211381, 0, 497, 2, 1, 30, 43),
(2215, 1421664211383, 0, 376, 3, 1, 31, 43),
(2216, 1421664211384, 0, 230, 2, 1, 32, 43),
(2217, 1421664211385, 0, 194, 3, 1, 34, 43),
(2218, 1421664211386, 0, 6561, 1, 2, 36, 43),
(2219, 1421664211387, 0, 6561, 1, 2, 37, 43),
(2220, 1421664211388, 0, 441, 2, 2, 38, 43),
(2221, 1421664211390, 0, 8887, 2, 2, 39, 43),
(2222, 1421664211392, 0, 860, 2, 2, 40, 43),
(2223, 1421664211394, 0, 472, 1, 2, 41, 43),
(2224, 1421664211395, 0, 5727, 2, 2, 42, 43),
(2225, 1421664211397, 0, 9849, 2, 2, 43, 43),
(2226, 1421664211398, 0, 6334, 2, 2, 44, 43),
(2227, 1421664211399, 0, 1846, 2, 2, 45, 43),
(2228, 1421664211399, 0, 14236, 3, 2, 46, 43),
(2229, 1421664211400, 0, 19689, 3, 2, 47, 43),
(2230, 1421664211401, 0, 5454, 3, 2, 48, 43),
(2231, 1421664211402, 0, 4370, 2, 2, 49, 43),
(2232, 1421664211402, 0, 1077, 2, 2, 50, 43),
(2233, 1421664211403, 0, 3089, 2, 2, 51, 43),
(2234, 1421664211404, 0, 152, 1, 2, 52, 43),
(2235, 1421664211405, 0, 2813, 2, 2, 53, 43),
(2236, 1421664211406, 0, 1410, 1, 2, 54, 43),
(2237, 1421664211407, 0, 2304, 3, 2, 55, 43),
(2238, 1421664211408, 0, 2571, 3, 2, 56, 43),
(2239, 1421664211410, 0, 808, 3, 2, 57, 43),
(2240, 1421664211412, 0, 493, 3, 2, 58, 43),
(2241, 1421664211413, 0, 1003, 2, 2, 59, 43),
(2242, 1421664211415, 0, 2778, 1, 2, 62, 43),
(2243, 1421664211415, 0, 3612, 1, 2, 65, 43),
(2244, 1421664211416, 0, 435, 2, 1, 67, 43),
(2245, 1421664211417, 0, 424, 3, 2, 68, 43),
(2246, 1421664211418, 0, 5743, 1, 2, 70, 43),
(2247, 1421664211419, 0, 1766, 1, 2, 71, 43),
(2248, 1421664211419, 0, 304, 3, 2, 72, 43),
(2249, 1421664211420, 0, 583, 3, 2, 73, 43),
(2250, 1421664211421, 0, 298, 2, 2, 74, 43),
(2251, 1421664211423, 0, 20, 2, 1, 75, 43),
(2252, 1421664211424, 0, 107, 3, 2, 76, 43),
(2253, 1421664211425, 0, 39, 2, 1, 77, 43),
(2254, 1421664211427, 0, 1870, 1, 2, 79, 43),
(2255, 1421664211429, 0, 2008, 1, 2, 81, 43),
(2256, 1421664219901, 0, 196, 3, 1, 1, 44),
(2257, 1421664219902, 0, 102, 3, 1, 2, 44),
(2258, 1421664219902, 0, 200, 1, 2, 3, 44),
(2259, 1421664219903, 0, 327, 1, 2, 5, 44),
(2260, 1421664219904, 0, 7094, 2, 2, 6, 44),
(2261, 1421664219904, 0, 621, 2, 2, 7, 44),
(2262, 1421664219905, 0, 1557, 3, 2, 9, 44),
(2263, 1421664219906, 0, 1460, 2, 2, 10, 44),
(2264, 1421664219907, 0, 671, 1, 2, 11, 44),
(2265, 1421664219909, 0, 150, 1, 2, 12, 44),
(2266, 1421664219910, 0, 472, 3, 2, 13, 44),
(2267, 1421664219913, 0, 260, 2, 2, 14, 44),
(2268, 1421664219914, 0, 321, 2, 2, 15, 44),
(2269, 1421664219916, 0, 1731, 3, 2, 16, 44),
(2270, 1421664219916, 0, 103, 1, 1, 17, 44),
(2271, 1421664219917, 0, 908, 1, 1, 18, 44),
(2272, 1421664219918, 0, 7040, 1, 1, 19, 44),
(2273, 1421664219919, 0, 183, 1, 2, 20, 44),
(2274, 1421664219920, 0, 740, 2, 2, 21, 44),
(2275, 1421664219921, 0, 262, 1, 2, 24, 44),
(2276, 1421664219922, 0, 263, 2, 2, 29, 44),
(2277, 1421664219924, 0, 696, 2, 2, 30, 44),
(2278, 1421664219925, 0, 701, 3, 2, 31, 44),
(2279, 1421664219927, 0, 311, 1, 2, 32, 44),
(2280, 1421664219928, 0, 410, 2, 2, 34, 44),
(2281, 1421664219929, 0, 7095, 2, 2, 36, 44),
(2282, 1421664219931, 0, 7100, 2, 2, 37, 44),
(2283, 1421664219932, 0, 311, 1, 1, 38, 44),
(2284, 1421664219933, 0, 8406, 1, 1, 39, 44),
(2285, 1421664219934, 0, 713, 1, 1, 40, 44),
(2286, 1421664219935, 0, 463, 1, 1, 41, 44),
(2287, 1421664219935, 0, 5246, 1, 1, 42, 44),
(2288, 1421664219936, 0, 9673, 1, 1, 43, 44),
(2289, 1421664219937, 0, 6199, 1, 1, 44, 44),
(2290, 1421664219937, 0, 1635, 1, 1, 45, 44),
(2291, 1421664219938, 0, 13678, 1, 1, 46, 44),
(2292, 1421664219939, 0, 5072, 1, 1, 48, 44),
(2293, 1421664219940, 0, 4110, 1, 1, 49, 44),
(2294, 1421664219940, 0, 1041, 1, 1, 50, 44),
(2295, 1421664219942, 0, 2771, 1, 1, 51, 44),
(2296, 1421664219942, 0, 188, 2, 2, 52, 44),
(2297, 1421664219943, 0, 2201, 3, 1, 53, 44),
(2298, 1421664219944, 0, 1409, 1, 2, 54, 44),
(2299, 1421664219944, 0, 2323, 3, 2, 55, 44),
(2300, 1421664219945, 0, 2434, 2, 2, 56, 44),
(2301, 1421664219946, 0, 609, 1, 2, 57, 44),
(2302, 1421664219947, 0, 428, 2, 2, 58, 44),
(2303, 1421664219947, 0, 1095, 2, 2, 59, 44),
(2304, 1421664219948, 0, 3079, 2, 2, 62, 44),
(2305, 1421664219949, 0, 1094, 2, 2, 66, 44),
(2306, 1421664219950, 0, 347, 2, 2, 68, 44),
(2307, 1421664219951, 0, 6231, 2, 2, 70, 44),
(2308, 1421664219952, 0, 148, 1, 1, 74, 44),
(2309, 1421664219954, 0, 27, 1, 1, 75, 44),
(2310, 1421664219956, 0, 127, 2, 2, 76, 44),
(2311, 1421664219957, 0, 76, 1, 2, 77, 44),
(2312, 1421664219958, 0, 1993, 2, 2, 79, 44),
(2313, 1421664219959, 0, 2251, 2, 2, 81, 44),
(2314, 1421664225412, 0, 102, 3, 1, 2, 45),
(2315, 1421664225413, 0, 200, 1, 2, 3, 45),
(2316, 1421664225413, 0, 327, 1, 2, 5, 45),
(2317, 1421664225414, 0, 7095, 2, 2, 6, 45),
(2318, 1421664225415, 0, 545, 1, 2, 7, 45),
(2319, 1421664225415, 0, 1483, 2, 2, 9, 45),
(2320, 1421664225416, 0, 1455, 2, 2, 10, 45),
(2321, 1421664225417, 0, 671, 1, 2, 11, 45),
(2322, 1421664225417, 0, 200, 2, 2, 12, 45),
(2323, 1421664225418, 0, 327, 1, 2, 13, 45),
(2324, 1421664225419, 0, 317, 3, 2, 14, 45),
(2325, 1421664225420, 0, 321, 2, 2, 15, 45),
(2326, 1421664225420, 0, 1699, 2, 2, 16, 45),
(2327, 1421664225421, 0, 103, 1, 1, 17, 45),
(2328, 1421664225422, 0, 908, 1, 1, 18, 45),
(2329, 1421664225422, 0, 7040, 1, 1, 19, 45),
(2330, 1421664225423, 0, 183, 1, 2, 20, 45),
(2331, 1421664225424, 0, 740, 2, 2, 21, 45),
(2332, 1421664225425, 0, 262, 1, 2, 24, 45),
(2333, 1421664225426, 0, 263, 2, 2, 29, 45),
(2334, 1421664225427, 0, 708, 2, 2, 30, 45),
(2335, 1421664225427, 0, 735, 3, 2, 31, 45),
(2336, 1421664225429, 0, 311, 1, 2, 32, 45),
(2337, 1421664225430, 0, 327, 1, 2, 34, 45),
(2338, 1421664225431, 0, 7095, 2, 2, 36, 45),
(2339, 1421664225432, 0, 7097, 2, 2, 37, 45),
(2340, 1421664225433, 0, 311, 1, 1, 38, 45),
(2341, 1421664225434, 0, 8619, 1, 1, 39, 45),
(2342, 1421664225435, 0, 713, 1, 1, 40, 45),
(2343, 1421664225436, 0, 463, 1, 1, 41, 45),
(2344, 1421664225437, 0, 5402, 1, 1, 42, 45),
(2345, 1421664225438, 0, 9904, 1, 1, 43, 45),
(2346, 1421664225440, 0, 6199, 1, 1, 44, 45),
(2347, 1421664225441, 0, 1635, 1, 1, 45, 45),
(2348, 1421664225442, 0, 13670, 1, 1, 46, 45),
(2349, 1421664225443, 0, 5072, 1, 1, 48, 45),
(2350, 1421664225444, 0, 4110, 1, 1, 49, 45),
(2351, 1421664225444, 0, 1041, 1, 1, 50, 45),
(2352, 1421664225445, 0, 2772, 1, 1, 51, 45),
(2353, 1421664225446, 0, 159, 1, 2, 52, 45),
(2354, 1421664225447, 0, 2960, 3, 2, 53, 45),
(2355, 1421664225447, 0, 1409, 1, 2, 54, 45),
(2356, 1421664225448, 0, 2191, 2, 2, 55, 45),
(2357, 1421664225449, 0, 2609, 3, 2, 56, 45),
(2358, 1421664225449, 0, 662, 2, 2, 57, 45),
(2359, 1421664225450, 0, 491, 3, 2, 58, 45),
(2360, 1421664225451, 0, 992, 2, 2, 59, 45),
(2361, 1421664225452, 0, 3079, 2, 2, 62, 45),
(2362, 1421664225453, 0, 1094, 2, 2, 66, 45),
(2363, 1421664225455, 0, 347, 2, 2, 68, 45),
(2364, 1421664225457, 0, 6231, 2, 2, 70, 45),
(2365, 1421664225459, 0, 148, 1, 1, 74, 45),
(2366, 1421664225460, 0, 27, 1, 1, 75, 45),
(2367, 1421664225460, 0, 127, 2, 2, 76, 45),
(2368, 1421664225461, 0, 76, 1, 2, 77, 45),
(2369, 1421664225462, 0, 1990, 2, 2, 79, 45),
(2370, 1421664225463, 0, 2254, 2, 2, 81, 45),
(2371, 1421664230814, 0, 223, 2, 1, 1, 46),
(2372, 1421664230815, 0, 94, 3, 1, 2, 46),
(2373, 1421664230816, 0, 325, 3, 2, 3, 46),
(2374, 1421664230816, 0, 117, 3, 1, 4, 46),
(2375, 1421664230817, 0, 401, 2, 2, 5, 46),
(2376, 1421664230818, 0, 6561, 1, 2, 6, 46),
(2377, 1421664230819, 0, 527, 1, 2, 7, 46),
(2378, 1421664230820, 0, 1633, 3, 2, 9, 46),
(2379, 1421664230822, 0, 1633, 3, 2, 10, 46),
(2380, 1421664230823, 0, 583, 3, 2, 11, 46),
(2381, 1421664230824, 0, 141, 1, 2, 12, 46),
(2382, 1421664230825, 0, 474, 3, 2, 13, 46),
(2383, 1421664230827, 0, 342, 3, 2, 14, 46),
(2384, 1421664230829, 0, 189, 2, 1, 15, 46),
(2385, 1421664230831, 0, 1833, 3, 2, 16, 46),
(2386, 1421664230833, 0, 76, 2, 1, 17, 46),
(2387, 1421664230835, 0, 785, 2, 1, 18, 46),
(2388, 1421664230837, 0, 6561, 1, 2, 19, 46),
(2389, 1421664230839, 0, 304, 3, 2, 20, 46),
(2390, 1421664230840, 0, 852, 3, 2, 21, 46),
(2391, 1421664230841, 0, 396, 3, 2, 24, 46),
(2392, 1421664230842, 0, 134, 2, 1, 29, 46),
(2393, 1421664230843, 0, 527, 1, 1, 31, 46),
(2394, 1421664230844, 0, 300, 1, 1, 32, 46),
(2395, 1421664230845, 0, 800, 3, 1, 33, 46),
(2396, 1421664230846, 0, 194, 3, 1, 34, 46),
(2397, 1421664230847, 0, 6561, 1, 2, 36, 46),
(2398, 1421664230848, 0, 6724, 2, 1, 37, 46),
(2399, 1421664230849, 0, 251, 2, 1, 38, 46),
(2400, 1421664230850, 0, 8017, 1, 2, 39, 46),
(2401, 1421664230852, 0, 921, 2, 2, 40, 46),
(2402, 1421664230853, 0, 388, 2, 1, 41, 46),
(2403, 1421664230854, 0, 5204, 2, 2, 42, 46),
(2404, 1421664230855, 0, 10174, 2, 2, 43, 46),
(2405, 1421664230857, 0, 5743, 1, 2, 44, 46),
(2406, 1421664230858, 0, 1667, 2, 2, 45, 46),
(2407, 1421664230859, 0, 14238, 3, 2, 46, 46),
(2408, 1421664230860, 0, 19691, 3, 2, 47, 46),
(2409, 1421664230861, 0, 5448, 3, 2, 48, 46),
(2410, 1421664230862, 0, 4243, 2, 2, 49, 46),
(2411, 1421664230864, 0, 904, 2, 1, 50, 46),
(2412, 1421664230865, 0, 2772, 2, 2, 51, 46),
(2413, 1421664230866, 0, 152, 1, 2, 52, 46),
(2414, 1421664230867, 0, 2495, 1, 2, 53, 46),
(2415, 1421664230868, 0, 1370, 1, 2, 54, 46),
(2416, 1421664230871, 0, 2317, 3, 2, 55, 46),
(2417, 1421664230873, 0, 2593, 3, 2, 56, 46),
(2418, 1421664230874, 0, 804, 3, 2, 57, 46),
(2419, 1421664230875, 0, 493, 3, 2, 58, 46),
(2420, 1421664230877, 0, 1156, 3, 2, 59, 46),
(2421, 1421664230879, 0, 2778, 1, 2, 62, 46),
(2422, 1421664230881, 0, 182, 3, 1, 63, 46),
(2423, 1421664230883, 0, 161, 3, 1, 64, 46),
(2424, 1421664230884, 0, 3326, 3, 1, 65, 46),
(2425, 1421664230885, 0, 842, 2, 1, 66, 46),
(2426, 1421664230886, 0, 725, 3, 2, 67, 46),
(2427, 1421664230887, 0, 348, 2, 2, 68, 46),
(2428, 1421664230889, 0, 4315, 3, 1, 69, 46),
(2429, 1421664230890, 0, 5758, 2, 1, 70, 46),
(2430, 1421664230891, 0, 1650, 2, 1, 71, 46),
(2431, 1421664230893, 0, 113, 2, 1, 74, 46),
(2432, 1421664230895, 0, 14, 3, 1, 75, 46),
(2433, 1421664230898, 0, 107, 3, 2, 76, 46),
(2434, 1421664230899, 0, 70, 1, 2, 77, 46),
(2435, 1421664230901, 0, 1660, 2, 1, 79, 46),
(2436, 1421664230902, 0, 1919, 2, 1, 81, 46),
(2437, 1421664236207, 0, 340, 2, 2, 1, 47),
(2438, 1421664236208, 0, 202, 2, 1, 2, 47),
(2439, 1421664236209, 0, 327, 1, 2, 5, 47),
(2440, 1421664236209, 0, 6926, 1, 2, 6, 47),
(2441, 1421664236210, 0, 589, 1, 2, 7, 47),
(2442, 1421664236211, 0, 1474, 2, 2, 9, 47),
(2443, 1421664236212, 0, 1472, 2, 2, 10, 47),
(2444, 1421664236213, 0, 793, 2, 2, 11, 47),
(2445, 1421664236213, 0, 149, 1, 2, 12, 47),
(2446, 1421664236214, 0, 363, 1, 2, 13, 47),
(2447, 1421664236215, 0, 216, 1, 2, 14, 47),
(2448, 1421664236216, 0, 292, 1, 2, 15, 47),
(2449, 1421664236217, 0, 1662, 2, 2, 16, 47),
(2450, 1421664236218, 0, 236, 2, 2, 20, 47),
(2451, 1421664236220, 0, 741, 2, 2, 21, 47),
(2452, 1421664236220, 0, 5145, 2, 2, 23, 47),
(2453, 1421664236221, 0, 322, 2, 2, 24, 47),
(2454, 1421664236222, 0, 694, 2, 2, 30, 47),
(2455, 1421664236223, 0, 589, 1, 2, 31, 47),
(2456, 1421664236225, 0, 344, 1, 2, 32, 47),
(2457, 1421664236226, 0, 361, 1, 2, 34, 47),
(2458, 1421664236227, 0, 7235, 2, 2, 36, 47),
(2459, 1421664236228, 0, 0, 2, 2, 37, 47),
(2460, 1421664236229, 0, 715, 1, 1, 40, 47),
(2461, 1421664236230, 0, 9931, 1, 1, 43, 47),
(2462, 1421664236231, 0, 13709, 1, 1, 46, 47),
(2463, 1421664236232, 0, 5084, 1, 1, 48, 47),
(2464, 1421664236232, 0, 103, 1, 1, 52, 47),
(2465, 1421664236233, 0, 2492, 1, 1, 53, 47),
(2466, 1421664236234, 0, 1442, 1, 1, 54, 47),
(2467, 1421664236235, 0, 1904, 1, 1, 55, 47),
(2468, 1421664236236, 0, 2262, 1, 1, 56, 47),
(2469, 1421664236238, 0, 555, 1, 1, 57, 47),
(2470, 1421664236239, 0, 311, 1, 1, 58, 47),
(2471, 1421664236239, 0, 910, 1, 1, 59, 47),
(2472, 1421664236240, 0, 975, 1, 2, 66, 47),
(2473, 1421664236241, 0, 285, 1, 2, 68, 47),
(2474, 1421664236242, 0, 27, 1, 1, 75, 47),
(2475, 1421664236243, 0, 1907, 1, 2, 79, 47),
(2476, 1421664236244, 0, 2166, 1, 2, 81, 47),
(2477, 1421664242047, 0, 220, 2, 1, 1, 48),
(2478, 1421664242048, 0, 94, 3, 1, 2, 48),
(2479, 1421664242049, 0, 204, 1, 2, 3, 48),
(2480, 1421664242050, 0, 147, 2, 1, 4, 48),
(2481, 1421664242051, 0, 330, 1, 2, 5, 48),
(2482, 1421664242053, 0, 6513, 2, 1, 6, 48),
(2483, 1421664242056, 0, 547, 1, 2, 7, 48),
(2484, 1421664242057, 0, 1321, 1, 2, 9, 48),
(2485, 1421664242058, 0, 1321, 1, 2, 10, 48),
(2486, 1421664242059, 0, 420, 1, 2, 11, 48),
(2487, 1421664242061, 0, 153, 1, 2, 12, 48),
(2488, 1421664242062, 0, 330, 1, 2, 13, 48),
(2489, 1421664242063, 0, 220, 1, 2, 14, 48),
(2490, 1421664242065, 0, 153, 3, 1, 15, 48),
(2491, 1421664242066, 0, 1497, 1, 2, 16, 48),
(2492, 1421664242068, 0, 74, 2, 1, 17, 48),
(2493, 1421664242068, 0, 778, 2, 1, 18, 48),
(2494, 1421664242069, 0, 6232, 3, 1, 19, 48),
(2495, 1421664242070, 0, 187, 1, 2, 20, 48),
(2496, 1421664242071, 0, 742, 2, 2, 21, 48),
(2497, 1421664242073, 0, 266, 1, 2, 24, 48),
(2498, 1421664242074, 0, 259, 2, 2, 29, 48),
(2499, 1421664242076, 0, 547, 1, 2, 31, 48),
(2500, 1421664242077, 0, 315, 1, 2, 32, 48),
(2501, 1421664242079, 0, 896, 2, 1, 33, 48),
(2502, 1421664242080, 0, 235, 2, 1, 34, 48),
(2503, 1421664242081, 0, 6508, 2, 1, 36, 48),
(2504, 1421664242082, 0, 6512, 2, 1, 37, 48),
(2505, 1421664242083, 0, 248, 2, 1, 38, 48),
(2506, 1421664242084, 0, 8380, 2, 2, 39, 48),
(2507, 1421664242085, 0, 771, 2, 2, 40, 48),
(2508, 1421664242085, 0, 384, 2, 1, 41, 48),
(2509, 1421664242086, 0, 4751, 3, 1, 42, 48),
(2510, 1421664242087, 0, 9547, 2, 2, 43, 48),
(2511, 1421664242088, 0, 5953, 2, 2, 44, 48),
(2512, 1421664242090, 0, 1595, 1, 2, 45, 48),
(2513, 1421664242092, 0, 13567, 2, 2, 46, 48),
(2514, 1421664242093, 0, 18893, 2, 2, 47, 48),
(2515, 1421664242095, 0, 5075, 2, 2, 48, 48),
(2516, 1421664242097, 0, 4119, 2, 2, 49, 48),
(2517, 1421664242098, 0, 896, 2, 1, 50, 48),
(2518, 1421664242099, 0, 2758, 2, 2, 51, 48),
(2519, 1421664242100, 0, 164, 1, 2, 52, 48),
(2520, 1421664242101, 0, 2581, 2, 2, 53, 48),
(2521, 1421664242102, 0, 1498, 2, 2, 54, 48),
(2522, 1421664242103, 0, 2079, 2, 2, 55, 48),
(2523, 1421664242104, 0, 2354, 2, 2, 56, 48),
(2524, 1421664242106, 0, 639, 2, 2, 57, 48),
(2525, 1421664242108, 0, 405, 2, 2, 58, 48),
(2526, 1421664242109, 0, 975, 2, 2, 59, 48),
(2527, 1421664242111, 0, 2674, 2, 1, 62, 48),
(2528, 1421664242112, 0, 220, 2, 1, 63, 48),
(2529, 1421664242114, 0, 161, 3, 1, 64, 48),
(2530, 1421664242115, 0, 3518, 2, 1, 65, 48),
(2531, 1421664242116, 0, 835, 2, 1, 66, 48),
(2532, 1421664242117, 0, 547, 1, 2, 67, 48),
(2533, 1421664242118, 0, 172, 3, 1, 68, 48),
(2534, 1421664242119, 0, 4603, 2, 1, 69, 48),
(2535, 1421664242120, 0, 6173, 2, 2, 70, 48),
(2536, 1421664242122, 0, 1640, 2, 1, 71, 48),
(2537, 1421664242123, 0, 111, 2, 1, 74, 48),
(2538, 1421664242125, 0, 19, 2, 1, 75, 48),
(2539, 1421664242126, 0, 79, 2, 2, 76, 48),
(2540, 1421664242127, 0, 41, 2, 1, 77, 48),
(2541, 1421664242128, 0, 1498, 3, 1, 79, 48),
(2542, 1421664242129, 0, 1886, 2, 1, 81, 48),
(2543, 1421664247712, 0, 196, 3, 1, 1, 49),
(2544, 1421664247713, 0, 204, 2, 1, 2, 49),
(2545, 1421664247714, 0, 248, 2, 2, 3, 49),
(2546, 1421664247716, 0, 326, 1, 2, 5, 49),
(2547, 1421664247717, 0, 7087, 2, 2, 6, 49),
(2548, 1421664247718, 0, 544, 1, 2, 7, 49),
(2549, 1421664247719, 0, 1322, 1, 2, 9, 49),
(2550, 1421664247721, 0, 1468, 2, 2, 10, 49),
(2551, 1421664247721, 0, 790, 2, 2, 11, 49),
(2552, 1421664247722, 0, 148, 1, 2, 12, 49),
(2553, 1421664247723, 0, 392, 2, 2, 13, 49),
(2554, 1421664247723, 0, 215, 1, 2, 14, 49),
(2555, 1421664247724, 0, 321, 2, 2, 15, 49),
(2556, 1421664247725, 0, 1655, 2, 2, 16, 49),
(2557, 1421664247725, 0, 103, 1, 1, 17, 49),
(2558, 1421664247726, 0, 907, 1, 1, 18, 49),
(2559, 1421664247727, 0, 7032, 1, 1, 19, 49),
(2560, 1421664247727, 0, 235, 2, 2, 20, 49),
(2561, 1421664247728, 0, 739, 2, 2, 21, 49),
(2562, 1421664247729, 0, 321, 2, 2, 24, 49),
(2563, 1421664247730, 0, 262, 2, 2, 29, 49),
(2564, 1421664247730, 0, 608, 1, 2, 30, 49),
(2565, 1421664247731, 0, 544, 1, 2, 31, 49),
(2566, 1421664247732, 0, 311, 1, 2, 32, 49),
(2567, 1421664247733, 0, 359, 1, 2, 34, 49),
(2568, 1421664247734, 0, 7086, 2, 2, 36, 49),
(2569, 1421664247735, 0, 7087, 2, 2, 37, 49),
(2570, 1421664247736, 0, 310, 1, 1, 38, 49),
(2571, 1421664247737, 0, 8613, 1, 1, 39, 49),
(2572, 1421664247738, 0, 713, 1, 1, 40, 49),
(2573, 1421664247739, 0, 462, 1, 1, 41, 49),
(2574, 1421664247740, 0, 5396, 1, 1, 42, 49),
(2575, 1421664247740, 0, 9896, 1, 1, 43, 49),
(2576, 1421664247741, 0, 6192, 1, 1, 44, 49),
(2577, 1421664247742, 0, 1633, 1, 1, 45, 49),
(2578, 1421664247743, 0, 13664, 1, 1, 46, 49),
(2579, 1421664247744, 0, 5067, 1, 1, 48, 49),
(2580, 1421664247746, 0, 4106, 1, 1, 49, 49),
(2581, 1421664247748, 0, 0, 1, 1, 50, 49),
(2582, 1421664247749, 0, 2770, 1, 1, 51, 49),
(2583, 1421664247750, 0, 159, 1, 2, 52, 49),
(2584, 1421664247750, 0, 2575, 1, 1, 53, 49),
(2585, 1421664247751, 0, 1466, 2, 2, 54, 49),
(2586, 1421664247752, 0, 1975, 1, 1, 55, 49),
(2587, 1421664247752, 0, 2254, 1, 1, 56, 49),
(2588, 1421664247753, 0, 342, 1, 2, 58, 49),
(2589, 1421664247754, 0, 907, 1, 1, 59, 49),
(2590, 1421664247755, 0, 1093, 2, 2, 66, 49),
(2591, 1421664247757, 0, 346, 2, 2, 68, 49),
(2592, 1421664247758, 0, 148, 1, 1, 74, 49),
(2593, 1421664247760, 0, 27, 1, 1, 75, 49),
(2594, 1421664247761, 0, 75, 1, 2, 77, 49),
(2595, 1421664247762, 0, 1987, 2, 2, 79, 49),
(2596, 1421664247763, 0, 2262, 2, 2, 81, 49),
(2597, 1421664253820, 0, 204, 1, 1, 2, 50),
(2598, 1421664253821, 0, 326, 1, 2, 5, 50),
(2599, 1421664253822, 0, 7086, 2, 2, 6, 50),
(2600, 1421664253822, 0, 544, 1, 2, 7, 50),
(2601, 1421664253823, 0, 1322, 1, 2, 9, 50),
(2602, 1421664253824, 0, 1467, 2, 2, 10, 50),
(2603, 1421664253825, 0, 790, 2, 2, 11, 50),
(2604, 1421664253826, 0, 148, 1, 2, 12, 50),
(2605, 1421664253827, 0, 392, 2, 2, 13, 50),
(2606, 1421664253828, 0, 215, 1, 2, 14, 50),
(2607, 1421664253830, 0, 321, 2, 2, 15, 50),
(2608, 1421664253830, 0, 1655, 2, 2, 16, 50),
(2609, 1421664253831, 0, 103, 1, 1, 17, 50),
(2610, 1421664253832, 0, 907, 1, 1, 18, 50),
(2611, 1421664253832, 0, 7031, 1, 1, 19, 50),
(2612, 1421664253833, 0, 235, 2, 2, 20, 50),
(2613, 1421664253834, 0, 739, 2, 2, 21, 50),
(2614, 1421664253835, 0, 321, 2, 2, 24, 50),
(2615, 1421664253836, 0, 262, 2, 2, 29, 50),
(2616, 1421664253837, 0, 608, 1, 2, 30, 50),
(2617, 1421664253839, 0, 544, 1, 2, 31, 50),
(2618, 1421664253840, 0, 311, 1, 2, 32, 50),
(2619, 1421664253841, 0, 327, 1, 2, 34, 50),
(2620, 1421664253842, 0, 7086, 2, 2, 36, 50),
(2621, 1421664253844, 0, 7086, 2, 2, 37, 50),
(2622, 1421664253845, 0, 310, 1, 1, 38, 50),
(2623, 1421664253846, 0, 8611, 1, 1, 39, 50),
(2624, 1421664253847, 0, 713, 1, 1, 40, 50),
(2625, 1421664253849, 0, 462, 1, 1, 41, 50),
(2626, 1421664253852, 0, 5397, 1, 1, 42, 50),
(2627, 1421664253855, 0, 9896, 1, 1, 43, 50),
(2628, 1421664253856, 0, 6192, 1, 1, 44, 50),
(2629, 1421664253857, 0, 1633, 1, 1, 45, 50),
(2630, 1421664253859, 0, 13673, 1, 1, 46, 50),
(2631, 1421664253860, 0, 5067, 1, 1, 48, 50),
(2632, 1421664253861, 0, 4106, 1, 1, 49, 50),
(2633, 1421664253862, 0, 1040, 1, 1, 50, 50),
(2634, 1421664253863, 0, 2769, 1, 1, 51, 50),
(2635, 1421664253865, 0, 159, 1, 2, 52, 50),
(2636, 1421664253867, 0, 2575, 1, 1, 53, 50),
(2637, 1421664253869, 0, 1501, 2, 2, 54, 50),
(2638, 1421664253870, 0, 1975, 1, 1, 55, 50),
(2639, 1421664253872, 0, 2254, 1, 1, 56, 50),
(2640, 1421664253873, 0, 456, 3, 1, 57, 50),
(2641, 1421664253875, 0, 342, 1, 2, 58, 50),
(2642, 1421664253877, 0, 908, 1, 1, 59, 50),
(2643, 1421664253879, 0, 1093, 2, 2, 66, 50),
(2644, 1421664253880, 0, 346, 2, 2, 68, 50),
(2645, 1421664253882, 0, 148, 1, 1, 74, 50),
(2646, 1421664253883, 0, 27, 1, 1, 75, 50),
(2647, 1421664253885, 0, 75, 1, 2, 77, 50),
(2648, 1421664253886, 0, 1990, 2, 2, 79, 50),
(2649, 1421664253888, 0, 2259, 2, 2, 81, 50),
(2650, 1421664259926, 0, 103, 3, 1, 2, 51),
(2651, 1421664259927, 0, 328, 1, 2, 5, 51),
(2652, 1421664259928, 0, 7118, 2, 2, 6, 51),
(2653, 1421664259928, 0, 547, 1, 2, 7, 51),
(2654, 1421664259929, 0, 1401, 1, 2, 9, 51),
(2655, 1421664259930, 0, 1327, 1, 2, 10, 51),
(2656, 1421664259931, 0, 673, 1, 2, 11, 51),
(2657, 1421664259932, 0, 175, 1, 2, 12, 51),
(2658, 1421664259933, 0, 328, 1, 2, 13, 51),
(2659, 1421664259934, 0, 216, 1, 2, 14, 51),
(2660, 1421664259935, 0, 322, 2, 2, 15, 51),
(2661, 1421664259936, 0, 1583, 1, 2, 16, 51),
(2662, 1421664259937, 0, 183, 1, 2, 20, 51),
(2663, 1421664259938, 0, 646, 1, 2, 21, 51),
(2664, 1421664259938, 0, 4825, 1, 2, 23, 51),
(2665, 1421664259939, 0, 263, 1, 2, 24, 51),
(2666, 1421664259940, 0, 589, 1, 2, 31, 51),
(2667, 1421664259941, 0, 203, 1, 2, 32, 51),
(2668, 1421664259942, 0, 328, 1, 2, 34, 51),
(2669, 1421664259942, 0, 7134, 2, 2, 37, 51),
(2670, 1421664259943, 0, 9374, 1, 2, 43, 51),
(2671, 1421664259944, 0, 13094, 1, 2, 46, 51),
(2672, 1421664259944, 0, 19049, 2, 2, 47, 51),
(2673, 1421664259945, 0, 4825, 1, 2, 48, 51),
(2674, 1421664259946, 0, 27, 1, 1, 75, 51),
(2675, 1421664259947, 0, 1996, 2, 2, 79, 51),
(2676, 1421664259947, 0, 2258, 2, 2, 81, 51),
(2677, 1421664265428, 0, 302, 1, 2, 1, 52),
(2678, 1421664265429, 0, 94, 3, 1, 2, 52),
(2679, 1421664265429, 0, 118, 3, 1, 4, 52),
(2680, 1421664265430, 0, 477, 3, 2, 5, 52),
(2681, 1421664265431, 0, 6594, 2, 1, 6, 52),
(2682, 1421664265431, 0, 707, 2, 2, 7, 52),
(2683, 1421664265433, 0, 1642, 3, 2, 9, 52),
(2684, 1421664265434, 0, 1642, 3, 2, 10, 52),
(2685, 1421664265436, 0, 587, 3, 2, 11, 52),
(2686, 1421664265438, 0, 142, 1, 2, 12, 52),
(2687, 1421664265439, 0, 477, 3, 2, 13, 52),
(2688, 1421664265440, 0, 344, 3, 2, 14, 52),
(2689, 1421664265441, 0, 194, 2, 1, 15, 52),
(2690, 1421664265442, 0, 1843, 3, 2, 16, 52),
(2691, 1421664265443, 0, 7489, 3, 2, 19, 52),
(2692, 1421664265443, 0, 306, 3, 2, 20, 52),
(2693, 1421664265444, 0, 857, 3, 2, 21, 52),
(2694, 1421664265445, 0, 399, 3, 2, 24, 52),
(2695, 1421664265445, 0, 125, 2, 1, 29, 52),
(2696, 1421664265446, 0, 669, 2, 2, 30, 52),
(2697, 1421664265447, 0, 530, 1, 2, 31, 52),
(2698, 1421664265447, 0, 341, 2, 2, 32, 52),
(2699, 1421664265448, 0, 801, 3, 1, 33, 52),
(2700, 1421664265449, 0, 209, 3, 1, 34, 52),
(2701, 1421664265450, 0, 6573, 2, 1, 36, 52),
(2702, 1421664265451, 0, 6716, 2, 1, 37, 52),
(2703, 1421664265451, 0, 9122, 3, 2, 39, 52),
(2704, 1421664265452, 0, 936, 3, 2, 40, 52),
(2705, 1421664265453, 0, 5834, 3, 2, 42, 52),
(2706, 1421664265454, 0, 10226, 2, 2, 43, 52),
(2707, 1421664265455, 0, 6595, 3, 2, 44, 52),
(2708, 1421664265456, 0, 1953, 3, 2, 45, 52),
(2709, 1421664265456, 0, 14258, 3, 2, 46, 52),
(2710, 1421664265457, 0, 19795, 3, 2, 47, 52),
(2711, 1421664265458, 0, 5474, 3, 2, 48, 52),
(2712, 1421664265459, 0, 4557, 3, 2, 49, 52),
(2713, 1421664265461, 0, 3137, 3, 2, 51, 52),
(2714, 1421664265462, 0, 76, 2, 1, 52, 52),
(2715, 1421664265463, 0, 2338, 2, 1, 53, 52),
(2716, 1421664265464, 0, 1264, 2, 1, 54, 52),
(2717, 1421664265465, 0, 2319, 3, 2, 55, 52),
(2718, 1421664265466, 0, 2038, 2, 1, 56, 52),
(2719, 1421664265467, 0, 499, 2, 1, 57, 52),
(2720, 1421664265467, 0, 455, 2, 2, 58, 52),
(2721, 1421664265468, 0, 786, 2, 1, 59, 52),
(2722, 1421664265469, 0, 2682, 2, 1, 62, 52),
(2723, 1421664265470, 0, 182, 3, 1, 63, 52),
(2724, 1421664265471, 0, 161, 3, 1, 64, 52),
(2725, 1421664265472, 0, 3281, 3, 1, 65, 52),
(2726, 1421664265473, 0, 949, 1, 2, 66, 52),
(2727, 1421664265475, 0, 733, 3, 2, 67, 52),
(2728, 1421664265476, 0, 385, 2, 2, 68, 52),
(2729, 1421664265477, 0, 4322, 3, 1, 69, 52),
(2730, 1421664265478, 0, 5745, 2, 1, 70, 52),
(2731, 1421664265479, 0, 1509, 3, 1, 71, 52),
(2732, 1421664265481, 0, 14, 3, 1, 75, 52),
(2733, 1421664265482, 0, 41, 2, 1, 77, 52),
(2734, 1421664265484, 0, 1652, 2, 1, 79, 52),
(2735, 1421664265485, 0, 1757, 3, 1, 81, 52),
(2736, 1421664270825, 0, 187, 3, 1, 1, 53),
(2737, 1421664270826, 0, 111, 2, 1, 2, 53),
(2738, 1421664270827, 0, 265, 2, 2, 3, 53),
(2739, 1421664270827, 0, 256, 2, 1, 5, 53),
(2740, 1421664270828, 0, 6576, 1, 2, 6, 53),
(2741, 1421664270829, 0, 529, 1, 2, 7, 53),
(2742, 1421664270829, 0, 235, 2, 2, 8, 53),
(2743, 1421664270830, 0, 5686, 1, 2, 9, 53),
(2744, 1421664270831, 0, 1621, 1, 2, 10, 53),
(2745, 1421664270831, 0, 529, 2, 2, 11, 53),
(2746, 1421664270832, 0, 45, 3, 1, 12, 53),
(2747, 1421664270832, 0, 316, 1, 2, 13, 53),
(2748, 1421664270833, 0, 208, 1, 2, 14, 53),
(2749, 1421664270834, 0, 253, 1, 2, 15, 53),
(2750, 1421664270836, 0, 1463, 1, 2, 16, 53),
(2751, 1421664270837, 0, 211, 2, 2, 17, 53),
(2752, 1421664270838, 0, 1163, 3, 2, 18, 53),
(2753, 1421664270840, 0, 6925, 2, 2, 19, 53),
(2754, 1421664270841, 0, 227, 2, 2, 20, 53),
(2755, 1421664270842, 0, 765, 2, 2, 21, 53),
(2756, 1421664270843, 0, 253, 1, 2, 24, 53),
(2757, 1421664270843, 0, 321, 2, 1, 25, 53),
(2758, 1421664270844, 0, 2038, 2, 1, 26, 53),
(2759, 1421664270845, 0, 3960, 2, 1, 28, 53),
(2760, 1421664270845, 0, 334, 3, 2, 29, 53),
(2761, 1421664270846, 0, 428, 3, 1, 30, 53),
(2762, 1421664270847, 0, 401, 2, 1, 31, 53),
(2763, 1421664270847, 0, 244, 2, 1, 32, 53),
(2764, 1421664270848, 0, 239, 2, 1, 34, 53),
(2765, 1421664270849, 0, 7517, 3, 2, 36, 53),
(2766, 1421664270850, 0, 6576, 1, 2, 37, 53),
(2767, 1421664270851, 0, 392, 2, 2, 38, 53),
(2768, 1421664270852, 0, 8819, 2, 2, 39, 53),
(2769, 1421664270853, 0, 763, 2, 2, 40, 53),
(2770, 1421664270854, 0, 474, 1, 2, 41, 53),
(2771, 1421664270856, 0, 5798, 3, 2, 42, 53),
(2772, 1421664270857, 0, 10249, 3, 2, 43, 53),
(2773, 1421664270858, 0, 6346, 2, 2, 44, 53),
(2774, 1421664270859, 0, 1764, 2, 2, 45, 53),
(2775, 1421664270859, 0, 14021, 2, 2, 46, 53),
(2776, 1421664270860, 0, 19736, 3, 2, 47, 53),
(2777, 1421664270861, 0, 5429, 3, 2, 48, 53),
(2778, 1421664270862, 0, 4328, 2, 2, 49, 53),
(2779, 1421664270863, 0, 1098, 2, 2, 50, 53),
(2780, 1421664270865, 0, 3115, 3, 2, 51, 53),
(2781, 1421664270866, 0, 271, 3, 2, 52, 53),
(2782, 1421664270868, 0, 2956, 3, 2, 53, 53),
(2783, 1421664270869, 0, 1717, 3, 2, 54, 53),
(2784, 1421664270869, 0, 2325, 3, 2, 55, 53),
(2785, 1421664270870, 0, 2592, 3, 2, 56, 53),
(2786, 1421664270871, 0, 812, 3, 2, 57, 53),
(2787, 1421664270872, 0, 483, 3, 2, 58, 53),
(2788, 1421664270873, 0, 1154, 3, 2, 59, 53),
(2789, 1421664270874, 0, 2785, 1, 2, 62, 53),
(2790, 1421664270875, 0, 4120, 2, 2, 65, 53),
(2791, 1421664270876, 0, 437, 2, 1, 67, 53),
(2792, 1421664270877, 0, 425, 3, 2, 68, 53),
(2793, 1421664270879, 0, 6622, 3, 2, 70, 53),
(2794, 1421664270880, 0, 2172, 3, 2, 71, 53),
(2795, 1421664270881, 0, 232, 2, 2, 72, 53),
(2796, 1421664270882, 0, 564, 2, 2, 73, 53),
(2797, 1421664270883, 0, 282, 2, 2, 74, 53),
(2798, 1421664270884, 0, 20, 2, 1, 75, 53),
(2799, 1421664270884, 0, 108, 3, 2, 76, 53),
(2800, 1421664270885, 0, 37, 2, 1, 77, 53),
(2801, 1421664270886, 0, 1770, 1, 2, 79, 53),
(2802, 1421664270887, 0, 2081, 1, 2, 81, 53),
(2803, 1421664275680, 0, 189, 3, 1, 1, 54),
(2804, 1421664275681, 0, 103, 3, 1, 2, 54),
(2805, 1421664275682, 0, 199, 1, 2, 3, 54),
(2806, 1421664275682, 0, 291, 1, 1, 5, 54),
(2807, 1421664275683, 0, 6650, 1, 2, 6, 54),
(2808, 1421664275684, 0, 509, 2, 1, 7, 54),
(2809, 1421664275684, 0, 141, 1, 2, 8, 54),
(2810, 1421664275685, 0, 1516, 2, 2, 9, 54),
(2811, 1421664275686, 0, 1313, 1, 2, 10, 54),
(2812, 1421664275688, 0, 666, 1, 2, 11, 54),
(2813, 1421664275689, 0, 47, 3, 1, 12, 54),
(2814, 1421664275690, 0, 324, 1, 2, 13, 54),
(2815, 1421664275692, 0, 214, 1, 2, 14, 54),
(2816, 1421664275693, 0, 260, 1, 2, 15, 54),
(2817, 1421664275695, 0, 1605, 2, 2, 16, 54),
(2818, 1421664275697, 0, 170, 2, 2, 17, 54),
(2819, 1421664275698, 0, 1014, 2, 2, 18, 54),
(2820, 1421664275700, 0, 6313, 3, 1, 19, 54),
(2821, 1421664275700, 0, 181, 1, 2, 20, 54),
(2822, 1421664275701, 0, 723, 2, 2, 21, 54),
(2823, 1421664275702, 0, 260, 1, 2, 24, 54),
(2824, 1421664275702, 0, 278, 3, 1, 25, 54),
(2825, 1421664275703, 0, 2262, 1, 1, 26, 54),
(2826, 1421664275704, 0, 3854, 3, 1, 28, 54),
(2827, 1421664275705, 0, 261, 2, 2, 29, 54),
(2828, 1421664275706, 0, 588, 1, 1, 30, 54),
(2829, 1421664275708, 0, 386, 3, 1, 31, 54),
(2830, 1421664275709, 0, 270, 1, 1, 32, 54),
(2831, 1421664275711, 0, 201, 3, 1, 34, 54),
(2832, 1421664275712, 0, 7041, 2, 2, 36, 54),
(2833, 1421664275713, 0, 6650, 1, 2, 37, 54),
(2834, 1421664275714, 0, 390, 2, 2, 38, 54),
(2835, 1421664275714, 0, 8403, 2, 2, 39, 54),
(2836, 1421664275715, 0, 718, 1, 2, 40, 54),
(2837, 1421664275716, 0, 5411, 2, 2, 42, 54),
(2838, 1421664275717, 0, 9726, 2, 2, 43, 54),
(2839, 1421664275718, 0, 6044, 2, 2, 44, 54),
(2840, 1421664275720, 0, 13402, 2, 2, 46, 54),
(2841, 1421664275722, 0, 18851, 2, 2, 47, 54),
(2842, 1421664275723, 0, 5065, 2, 2, 48, 54),
(2843, 1421664275724, 0, 4091, 2, 2, 49, 54),
(2844, 1421664275725, 0, 840, 3, 1, 50, 54),
(2845, 1421664275727, 0, 2855, 2, 2, 51, 54),
(2846, 1421664275728, 0, 196, 2, 2, 52, 54),
(2847, 1421664275730, 0, 2676, 2, 2, 53, 54),
(2848, 1421664275731, 0, 1544, 2, 2, 54, 54),
(2849, 1421664275733, 0, 2098, 2, 2, 55, 54),
(2850, 1421664275734, 0, 2370, 2, 2, 56, 54),
(2851, 1421664275735, 0, 389, 2, 2, 58, 54),
(2852, 1421664275736, 0, 910, 2, 2, 59, 54),
(2853, 1421664275737, 0, 2826, 1, 2, 62, 54),
(2854, 1421664275739, 0, 3912, 2, 2, 65, 54),
(2855, 1421664275740, 0, 455, 2, 1, 67, 54),
(2856, 1421664275741, 0, 344, 2, 2, 68, 54),
(2857, 1421664275742, 0, 6168, 2, 2, 70, 54),
(2858, 1421664275743, 0, 1960, 2, 2, 71, 54),
(2859, 1421664275745, 0, 181, 1, 2, 72, 54),
(2860, 1421664275746, 0, 441, 2, 2, 73, 54),
(2861, 1421664275748, 0, 205, 2, 2, 74, 54),
(2862, 1421664275748, 0, 30, 1, 1, 75, 54),
(2863, 1421664275749, 0, 33, 3, 1, 77, 54),
(2864, 1421664275750, 0, 1938, 2, 2, 79, 54),
(2865, 1421664275751, 0, 2046, 1, 2, 81, 54),
(2866, 1421664280707, 0, 314, 1, 2, 1, 55),
(2867, 1421664280708, 0, 94, 3, 1, 2, 55),
(2868, 1421664280709, 0, 203, 3, 1, 5, 55),
(2869, 1421664280710, 0, 6648, 1, 2, 6, 55),
(2870, 1421664280710, 0, 436, 2, 1, 7, 55),
(2871, 1421664280711, 0, 201, 2, 2, 8, 55),
(2872, 1421664280712, 0, 1462, 2, 2, 9, 55),
(2873, 1421664280714, 0, 1462, 2, 2, 10, 55),
(2874, 1421664280715, 0, 434, 2, 2, 11, 55),
(2875, 1421664280717, 0, 112, 3, 1, 12, 55),
(2876, 1421664280718, 0, 395, 2, 2, 13, 55),
(2877, 1421664280719, 0, 275, 2, 2, 14, 55),
(2878, 1421664280719, 0, 265, 1, 2, 15, 55),
(2879, 1421664280720, 0, 1648, 2, 2, 16, 55),
(2880, 1421664280722, 0, 203, 2, 2, 17, 55),
(2881, 1421664280725, 0, 1025, 2, 2, 18, 55),
(2882, 1421664280727, 0, 6648, 1, 2, 19, 55),
(2883, 1421664280728, 0, 240, 2, 2, 20, 55),
(2884, 1421664280729, 0, 737, 2, 2, 21, 55),
(2885, 1421664280730, 0, 76, 3, 1, 22, 55),
(2886, 1421664280730, 0, 5094, 2, 2, 23, 55),
(2887, 1421664280732, 0, 325, 2, 2, 24, 55),
(2888, 1421664280732, 0, 269, 3, 1, 25, 55),
(2889, 1421664280733, 0, 1859, 3, 1, 26, 55),
(2890, 1421664280734, 0, 3743, 3, 1, 28, 55),
(2891, 1421664280734, 0, 442, 3, 1, 30, 55),
(2892, 1421664280735, 0, 435, 2, 1, 31, 55),
(2893, 1421664280736, 0, 182, 3, 1, 32, 55),
(2894, 1421664280736, 0, 194, 3, 1, 34, 55),
(2895, 1421664280738, 0, 2944, 1, 2, 35, 55),
(2896, 1421664280738, 0, 6648, 1, 2, 36, 55),
(2897, 1421664280739, 0, 6648, 1, 2, 37, 55),
(2898, 1421664280740, 0, 344, 1, 2, 38, 55),
(2899, 1421664280741, 0, 8116, 1, 2, 39, 55),
(2900, 1421664280742, 0, 601, 2, 1, 40, 55),
(2901, 1421664280742, 0, 489, 1, 2, 41, 55),
(2902, 1421664280743, 0, 5305, 2, 2, 42, 55),
(2903, 1421664280744, 0, 9670, 1, 2, 43, 55),
(2904, 1421664280745, 0, 5906, 2, 2, 44, 55),
(2905, 1421664280745, 0, 1716, 2, 2, 45, 55),
(2906, 1421664280747, 0, 13268, 2, 2, 46, 55),
(2907, 1421664280748, 0, 18837, 2, 2, 47, 55),
(2908, 1421664280749, 0, 4990, 2, 2, 48, 55),
(2909, 1421664280750, 0, 3920, 1, 2, 49, 55),
(2910, 1421664280751, 0, 1031, 1, 2, 50, 55),
(2911, 1421664280752, 0, 2787, 2, 2, 51, 55),
(2912, 1421664280753, 0, 74, 2, 1, 52, 55),
(2913, 1421664280754, 0, 2320, 2, 1, 53, 55),
(2914, 1421664280755, 0, 1253, 2, 1, 54, 55),
(2915, 1421664280756, 0, 1765, 2, 1, 55, 55),
(2916, 1421664280757, 0, 2022, 2, 1, 56, 55),
(2917, 1421664280758, 0, 493, 2, 1, 57, 55),
(2918, 1421664280759, 0, 248, 2, 1, 58, 55),
(2919, 1421664280760, 0, 778, 1, 1, 59, 55),
(2920, 1421664280761, 0, 11115, 2, 2, 60, 55),
(2921, 1421664280762, 0, 3854, 2, 2, 65, 55),
(2922, 1421664280763, 0, 970, 1, 2, 66, 55),
(2923, 1421664280763, 0, 431, 1, 1, 67, 55),
(2924, 1421664280764, 0, 309, 2, 2, 68, 55),
(2925, 1421664280765, 0, 1804, 1, 2, 71, 55),
(2926, 1421664280766, 0, 240, 2, 2, 72, 55),
(2927, 1421664280767, 0, 494, 2, 2, 73, 55),
(2928, 1421664280768, 0, 239, 2, 2, 74, 55),
(2929, 1421664280769, 0, 14, 3, 1, 75, 55),
(2930, 1421664280769, 0, 31, 3, 1, 77, 55),
(2931, 1421664280770, 0, 6156, 3, 1, 78, 55),
(2932, 1421664280771, 0, 1804, 1, 2, 79, 55),
(2933, 1421664280772, 0, 4186, 1, 2, 80, 55),
(2934, 1421664280773, 0, 2049, 1, 2, 81, 55),
(2935, 1421664286225, 0, 443, 2, 2, 5, 56),
(2936, 1421664286226, 0, 7100, 2, 2, 6, 56),
(2937, 1421664286227, 0, 691, 2, 2, 7, 56),
(2938, 1421664286227, 0, 1537, 2, 2, 9, 56),
(2939, 1421664286228, 0, 1537, 2, 2, 10, 56),
(2940, 1421664286228, 0, 533, 2, 2, 11, 56),
(2941, 1421664286229, 0, 234, 2, 2, 12, 56),
(2942, 1421664286230, 0, 429, 2, 2, 13, 56),
(2943, 1421664286231, 0, 304, 2, 2, 14, 56),
(2944, 1421664286232, 0, 370, 2, 2, 15, 56),
(2945, 1421664286233, 0, 1729, 2, 2, 16, 56),
(2946, 1421664286233, 0, 256, 2, 2, 20, 56),
(2947, 1421664286234, 0, 808, 2, 2, 21, 56),
(2948, 1421664286234, 0, 354, 2, 2, 24, 56),
(2949, 1421664286235, 0, 644, 2, 2, 31, 56),
(2950, 1421664286236, 0, 7313, 2, 2, 32, 56),
(2951, 1421664286236, 0, 404, 2, 2, 34, 56),
(2952, 1421664286237, 0, 7313, 2, 2, 37, 56),
(2953, 1421664286237, 0, 9831, 2, 2, 43, 56),
(2954, 1421664286238, 0, 14008, 2, 2, 46, 56),
(2955, 1421664286239, 0, 19418, 2, 2, 47, 56),
(2956, 1421664286239, 0, 5306, 2, 2, 48, 56),
(2957, 1421664286240, 0, 14, 3, 1, 75, 56),
(2958, 1421664286240, 0, 2068, 2, 2, 79, 56),
(2959, 1421664286241, 0, 2407, 2, 2, 81, 56),
(2960, 1421664290816, 0, 108, 2, 1, 2, 57),
(2961, 1421664290818, 0, 391, 2, 2, 5, 57),
(2962, 1421664290818, 0, 6639, 1, 2, 6, 57),
(2963, 1421664290819, 0, 620, 2, 2, 7, 57),
(2964, 1421664290820, 0, 1315, 1, 2, 9, 57),
(2965, 1421664290820, 0, 1315, 1, 2, 10, 57),
(2966, 1421664290821, 0, 418, 1, 2, 11, 57),
(2967, 1421664290822, 0, 152, 1, 2, 12, 57),
(2968, 1421664290823, 0, 329, 1, 2, 13, 57),
(2969, 1421664290823, 0, 219, 2, 2, 14, 57),
(2970, 1421664290824, 0, 294, 2, 2, 15, 57),
(2971, 1421664290825, 0, 1480, 1, 2, 16, 57),
(2972, 1421664290825, 0, 209, 2, 2, 20, 57),
(2973, 1421664290826, 0, 731, 2, 2, 21, 57),
(2974, 1421664290827, 0, 306, 2, 2, 24, 57),
(2975, 1421664290827, 0, 545, 1, 2, 31, 57),
(2976, 1421664290828, 0, 313, 1, 2, 32, 57),
(2977, 1421664290829, 0, 329, 1, 2, 34, 57),
(2978, 1421664290830, 0, 6998, 2, 2, 37, 57),
(2979, 1421664290831, 0, 9259, 1, 2, 43, 57),
(2980, 1421664290831, 0, 13515, 2, 2, 46, 57),
(2981, 1421664290832, 0, 18811, 2, 2, 47, 57),
(2982, 1421664290833, 0, 5013, 2, 2, 48, 57),
(2983, 1421664290833, 0, 19, 2, 1, 75, 57),
(2984, 1421664290835, 0, 1801, 1, 2, 79, 57),
(2985, 1421664290836, 0, 2046, 1, 2, 81, 57),
(2986, 1421664295924, 0, 314, 1, 2, 1, 58),
(2987, 1421664295925, 0, 107, 2, 1, 2, 58),
(2988, 1421664295926, 0, 238, 2, 1, 5, 58),
(2989, 1421664295927, 0, 7053, 2, 2, 6, 58),
(2990, 1421664295927, 0, 435, 2, 1, 7, 58),
(2991, 1421664295928, 0, 191, 2, 2, 8, 58),
(2992, 1421664295929, 0, 1320, 1, 2, 9, 58),
(2993, 1421664295930, 0, 1320, 1, 2, 10, 58),
(2994, 1421664295931, 0, 495, 2, 2, 11, 58),
(2995, 1421664295932, 0, 49, 3, 1, 12, 58),
(2996, 1421664295933, 0, 396, 2, 2, 13, 58),
(2997, 1421664295934, 0, 219, 1, 2, 14, 58),
(2998, 1421664295934, 0, 265, 1, 2, 15, 58),
(2999, 1421664295935, 0, 1495, 1, 2, 16, 58),
(3000, 1421664295935, 0, 164, 1, 2, 17, 58),
(3001, 1421664295936, 0, 916, 1, 2, 18, 58),
(3002, 1421664295937, 0, 6661, 1, 2, 19, 58),
(3003, 1421664295937, 0, 241, 2, 2, 20, 58),
(3004, 1421664295938, 0, 720, 2, 2, 21, 58),
(3005, 1421664295939, 0, 326, 2, 2, 24, 58),
(3006, 1421664295939, 0, 316, 2, 1, 25, 58),
(3007, 1421664295942, 0, 1988, 2, 1, 26, 58),
(3008, 1421664295943, 0, 3991, 2, 1, 28, 58),
(3009, 1421664295944, 0, 441, 3, 1, 30, 58),
(3010, 1421664295945, 0, 430, 2, 1, 31, 58),
(3011, 1421664295945, 0, 222, 2, 1, 32, 58),
(3012, 1421664295946, 0, 233, 2, 1, 34, 58),
(3013, 1421664295947, 0, 6661, 1, 2, 36, 58),
(3014, 1421664295948, 0, 6701, 1, 2, 37, 58),
(3015, 1421664295948, 0, 345, 1, 2, 38, 58),
(3016, 1421664295949, 0, 8132, 1, 2, 39, 58),
(3017, 1421664295950, 0, 724, 1, 2, 40, 58),
(3018, 1421664295950, 0, 490, 1, 2, 41, 58),
(3019, 1421664295951, 0, 5111, 1, 2, 42, 58),
(3020, 1421664295953, 0, 9290, 1, 2, 43, 58),
(3021, 1421664295954, 0, 5834, 1, 2, 44, 58),
(3022, 1421664295956, 0, 1593, 1, 2, 45, 58),
(3023, 1421664295957, 0, 13529, 2, 2, 46, 58),
(3024, 1421664295958, 0, 18873, 2, 2, 47, 58),
(3025, 1421664295959, 0, 4784, 1, 2, 48, 58),
(3026, 1421664295960, 0, 3927, 1, 2, 49, 58),
(3027, 1421664295960, 0, 1033, 1, 2, 50, 58),
(3028, 1421664295961, 0, 2656, 1, 2, 51, 58),
(3029, 1421664295962, 0, 76, 2, 1, 52, 58),
(3030, 1421664295962, 0, 2332, 2, 1, 53, 58),
(3031, 1421664295963, 0, 1261, 2, 1, 54, 58),
(3032, 1421664295964, 0, 1775, 2, 1, 55, 58),
(3033, 1421664295964, 0, 2033, 2, 1, 56, 58),
(3034, 1421664295965, 0, 497, 2, 1, 57, 58),
(3035, 1421664295966, 0, 251, 2, 1, 58, 58),
(3036, 1421664295966, 0, 784, 2, 1, 59, 58),
(3037, 1421664295967, 0, 3678, 1, 2, 65, 58),
(3038, 1421664295968, 0, 972, 1, 2, 66, 58),
(3039, 1421664295970, 0, 430, 2, 1, 67, 58),
(3040, 1421664295971, 0, 351, 1, 2, 68, 58),
(3041, 1421664295973, 0, 1950, 2, 2, 71, 58),
(3042, 1421664295974, 0, 225, 2, 2, 72, 58),
(3043, 1421664295975, 0, 495, 2, 2, 73, 58),
(3044, 1421664295976, 0, 198, 1, 2, 74, 58),
(3045, 1421664295977, 0, 19, 2, 1, 75, 58),
(3046, 1421664295979, 0, 40, 2, 1, 77, 58),
(3047, 1421664295980, 0, 1800, 1, 2, 79, 58),
(3048, 1421664295981, 0, 2053, 1, 2, 81, 58),
(3049, 1421664301433, 0, 220, 2, 1, 1, 59),
(3050, 1421664301434, 0, 94, 3, 1, 2, 59),
(3051, 1421664301434, 0, 205, 1, 2, 3, 59),
(3052, 1421664301435, 0, 332, 1, 2, 5, 59),
(3053, 1421664301436, 0, 6896, 1, 2, 6, 59),
(3054, 1421664301436, 0, 550, 1, 2, 7, 59),
(3055, 1421664301437, 0, 1328, 1, 2, 9, 59),
(3056, 1421664301438, 0, 1328, 1, 2, 10, 59),
(3057, 1421664301439, 0, 422, 1, 2, 11, 59),
(3058, 1421664301440, 0, 154, 1, 2, 12, 59),
(3059, 1421664301441, 0, 332, 1, 2, 13, 59),
(3060, 1421664301442, 0, 221, 1, 2, 14, 59),
(3061, 1421664301443, 0, 267, 2, 2, 15, 59),
(3062, 1421664301443, 0, 1504, 1, 2, 16, 59),
(3063, 1421664301444, 0, 74, 2, 1, 17, 59),
(3064, 1421664301445, 0, 778, 2, 1, 18, 59),
(3065, 1421664301446, 0, 6510, 2, 1, 19, 59),
(3066, 1421664301446, 0, 188, 1, 2, 20, 59),
(3067, 1421664301447, 0, 650, 1, 2, 21, 59),
(3068, 1421664301448, 0, 4813, 1, 2, 23, 59),
(3069, 1421664301448, 0, 267, 1, 2, 24, 59),
(3070, 1421664301449, 0, 213, 1, 2, 29, 59),
(3071, 1421664301450, 0, 550, 1, 2, 31, 59),
(3072, 1421664301450, 0, 316, 1, 2, 32, 59),
(3073, 1421664301451, 0, 330, 1, 2, 34, 59),
(3074, 1421664301452, 0, 7095, 2, 2, 36, 59),
(3075, 1421664301453, 0, 6897, 1, 2, 37, 59),
(3076, 1421664301453, 0, 248, 2, 1, 38, 59),
(3077, 1421664301454, 0, 8009, 2, 1, 39, 59),
(3078, 1421664301455, 0, 597, 2, 1, 40, 59),
(3079, 1421664301455, 0, 384, 2, 1, 41, 59),
(3080, 1421664301456, 0, 4964, 2, 1, 42, 59),
(3081, 1421664301457, 0, 9242, 2, 1, 43, 59),
(3082, 1421664301458, 0, 5714, 2, 1, 44, 59),
(3083, 1421664301459, 0, 1433, 2, 1, 45, 59),
(3084, 1421664301460, 0, 4603, 2, 1, 48, 59),
(3085, 1421664301461, 0, 3750, 2, 1, 49, 59),
(3086, 1421664301462, 0, 896, 2, 1, 50, 59),
(3087, 1421664301463, 0, 2473, 2, 1, 51, 59),
(3088, 1421664301465, 0, 165, 1, 2, 52, 59),
(3089, 1421664301466, 0, 2504, 1, 2, 53, 59),
(3090, 1421664301467, 0, 1413, 1, 2, 54, 59),
(3091, 1421664301468, 0, 1937, 1, 2, 55, 59),
(3092, 1421664301469, 0, 2201, 1, 2, 56, 59),
(3093, 1421664301469, 0, 613, 1, 2, 57, 59),
(3094, 1421664301470, 0, 347, 1, 2, 58, 59),
(3095, 1421664301471, 0, 921, 1, 2, 59, 59),
(3096, 1421664301471, 0, 2850, 1, 2, 62, 59),
(3097, 1421664301472, 0, 290, 1, 2, 68, 59),
(3098, 1421664301473, 0, 5868, 1, 2, 70, 59),
(3099, 1421664301474, 0, 111, 2, 1, 74, 59),
(3100, 1421664301475, 0, 19, 2, 1, 75, 59),
(3101, 1421664301476, 0, 80, 2, 2, 76, 59),
(3102, 1421664301477, 0, 76, 1, 2, 77, 59),
(3103, 1421664301478, 0, 1887, 1, 2, 79, 59),
(3104, 1421664301479, 0, 2162, 1, 2, 81, 59),
(3105, 1421664306534, 0, 220, 2, 1, 1, 60),
(3106, 1421664306535, 0, 107, 2, 1, 2, 60),
(3107, 1421664306536, 0, 205, 1, 2, 3, 60),
(3108, 1421664306536, 0, 146, 2, 1, 4, 60),
(3109, 1421664306537, 0, 355, 2, 2, 5, 60),
(3110, 1421664306537, 0, 6566, 2, 1, 6, 60),
(3111, 1421664306538, 0, 549, 1, 2, 7, 60),
(3112, 1421664306539, 0, 1399, 1, 2, 9, 60),
(3113, 1421664306540, 0, 1327, 1, 2, 10, 60),
(3114, 1421664306541, 0, 422, 1, 2, 11, 60),
(3115, 1421664306541, 0, 154, 1, 2, 12, 60),
(3116, 1421664306542, 0, 332, 1, 2, 13, 60),
(3117, 1421664306543, 0, 221, 1, 2, 14, 60),
(3118, 1421664306545, 0, 151, 3, 1, 15, 60),
(3119, 1421664306546, 0, 1581, 1, 2, 16, 60),
(3120, 1421664306547, 0, 74, 2, 1, 17, 60),
(3121, 1421664306548, 0, 778, 2, 1, 18, 60),
(3122, 1421664306549, 0, 6226, 3, 1, 19, 60),
(3123, 1421664306550, 0, 188, 1, 2, 20, 60),
(3124, 1421664306551, 0, 697, 1, 2, 21, 60),
(3125, 1421664306551, 0, 267, 1, 2, 24, 60),
(3126, 1421664306552, 0, 262, 2, 2, 29, 60),
(3127, 1421664306553, 0, 593, 2, 2, 31, 60),
(3128, 1421664306554, 0, 316, 1, 2, 32, 60),
(3129, 1421664306554, 0, 908, 2, 1, 33, 60),
(3130, 1421664306555, 0, 234, 2, 1, 34, 60),
(3131, 1421664306556, 0, 6507, 2, 1, 36, 60),
(3132, 1421664306557, 0, 6558, 2, 1, 37, 60),
(3133, 1421664306558, 0, 248, 2, 1, 38, 60),
(3134, 1421664306558, 0, 8173, 1, 2, 39, 60),
(3135, 1421664306559, 0, 728, 1, 2, 40, 60),
(3136, 1421664306560, 0, 383, 2, 1, 41, 60),
(3137, 1421664306560, 0, 5137, 1, 2, 42, 60),
(3138, 1421664306561, 0, 9337, 1, 2, 43, 60),
(3139, 1421664306562, 0, 5453, 3, 1, 44, 60),
(3140, 1421664306563, 0, 1601, 1, 2, 45, 60),
(3141, 1421664306564, 0, 13041, 1, 2, 46, 60),
(3142, 1421664306565, 0, 18972, 1, 2, 47, 60),
(3143, 1421664306567, 0, 4809, 1, 2, 48, 60),
(3144, 1421664306569, 0, 3947, 1, 2, 49, 60),
(3145, 1421664306570, 0, 895, 2, 1, 50, 60),
(3146, 1421664306571, 0, 2670, 1, 2, 51, 60),
(3147, 1421664306572, 0, 164, 1, 2, 52, 60),
(3148, 1421664306572, 0, 2502, 1, 2, 53, 60),
(3149, 1421664306573, 0, 1412, 1, 2, 54, 60),
(3150, 1421664306574, 0, 1939, 0, 2, 55, 60),
(3151, 1421664306574, 0, 2200, 1, 2, 56, 60),
(3152, 1421664306575, 0, 613, 1, 2, 57, 60),
(3153, 1421664306576, 0, 379, 2, 2, 58, 60),
(3154, 1421664306577, 0, 920, 1, 2, 59, 60),
(3155, 1421664306578, 0, 2674, 2, 1, 62, 60),
(3156, 1421664306579, 0, 220, 2, 1, 63, 60),
(3157, 1421664306580, 0, 196, 2, 1, 64, 60),
(3158, 1421664306581, 0, 3547, 2, 1, 65, 60),
(3159, 1421664306582, 0, 834, 2, 1, 66, 60),
(3160, 1421664306583, 0, 513, 1, 2, 67, 60),
(3161, 1421664306584, 0, 323, 2, 2, 68, 60),
(3162, 1421664306585, 0, 4598, 2, 1, 69, 60),
(3163, 1421664306586, 0, 6205, 2, 2, 70, 60),
(3164, 1421664306587, 0, 1657, 2, 1, 71, 60),
(3165, 1421664306589, 0, 111, 2, 1, 74, 60),
(3166, 1421664306590, 0, 20, 2, 1, 75, 60),
(3167, 1421664306591, 0, 80, 2, 2, 76, 60),
(3168, 1421664306592, 0, 41, 2, 1, 77, 60),
(3169, 1421664306593, 0, 1639, 2, 1, 79, 60),
(3170, 1421664306593, 0, 4009, 2, 1, 80, 60),
(3171, 1421664306594, 0, 1878, 2, 1, 81, 60),
(3172, 1421664311933, 0, 221, 2, 1, 1, 61),
(3173, 1421664311934, 0, 107, 2, 1, 2, 61),
(3174, 1421664311935, 0, 205, 1, 2, 3, 61),
(3175, 1421664311935, 0, 146, 2, 1, 4, 61),
(3176, 1421664311936, 0, 338, 1, 2, 5, 61),
(3177, 1421664311936, 0, 6630, 2, 1, 6, 61),
(3178, 1421664311937, 0, 549, 1, 2, 7, 61),
(3179, 1421664311938, 0, 1399, 1, 2, 9, 61),
(3180, 1421664311939, 0, 1399, 1, 2, 10, 61),
(3181, 1421664311940, 0, 422, 1, 2, 11, 61),
(3182, 1421664311941, 0, 154, 1, 2, 12, 61),
(3183, 1421664311942, 0, 331, 1, 2, 13, 61),
(3184, 1421664311943, 0, 221, 1, 2, 14, 61),
(3185, 1421664311943, 0, 151, 3, 1, 15, 61),
(3186, 1421664311944, 0, 1582, 1, 2, 16, 61),
(3187, 1421664311945, 0, 74, 2, 1, 17, 61),
(3188, 1421664311945, 0, 791, 2, 1, 18, 61),
(3189, 1421664311946, 0, 6688, 1, 2, 19, 61),
(3190, 1421664311946, 0, 188, 1, 2, 20, 61),
(3191, 1421664311947, 0, 697, 1, 2, 21, 61),
(3192, 1421664311948, 0, 267, 1, 2, 24, 61),
(3193, 1421664311948, 0, 262, 2, 2, 29, 61),
(3194, 1421664311949, 0, 576, 2, 2, 31, 61),
(3195, 1421664311949, 0, 316, 1, 1, 32, 61),
(3196, 1421664311950, 0, 941, 2, 1, 33, 61),
(3197, 1421664311951, 0, 234, 2, 1, 34, 61),
(3198, 1421664311951, 0, 6507, 2, 1, 36, 61),
(3199, 1421664311952, 0, 6768, 1, 1, 37, 61),
(3200, 1421664311952, 0, 247, 2, 1, 38, 61),
(3201, 1421664311953, 0, 8041, 2, 1, 39, 61),
(3202, 1421664311954, 0, 728, 1, 2, 40, 61),
(3203, 1421664311955, 0, 383, 2, 1, 41, 61),
(3204, 1421664311956, 0, 5137, 1, 2, 42, 61),
(3205, 1421664311957, 0, 9337, 1, 2, 43, 61),
(3206, 1421664311958, 0, 5453, 3, 1, 44, 61),
(3207, 1421664311959, 0, 1601, 1, 2, 45, 61),
(3208, 1421664311960, 0, 13041, 1, 2, 46, 61),
(3209, 1421664311961, 0, 18969, 2, 2, 47, 61),
(3210, 1421664311962, 0, 4809, 1, 2, 48, 61),
(3211, 1421664311963, 0, 3947, 1, 2, 49, 61),
(3212, 1421664311964, 0, 895, 2, 1, 50, 61),
(3213, 1421664311965, 0, 2670, 1, 2, 51, 61),
(3214, 1421664311965, 0, 164, 1, 2, 52, 61),
(3215, 1421664311966, 0, 2503, 1, 2, 53, 61),
(3216, 1421664311966, 0, 1412, 1, 2, 54, 61),
(3217, 1421664311967, 0, 1936, 1, 2, 55, 61),
(3218, 1421664311968, 0, 2200, 1, 2, 56, 61),
(3219, 1421664311968, 0, 613, 1, 2, 57, 61),
(3220, 1421664311969, 0, 359, 1, 2, 58, 61),
(3221, 1421664311969, 0, 920, 1, 2, 59, 61),
(3222, 1421664311970, 0, 2674, 2, 1, 62, 61),
(3223, 1421664311970, 0, 220, 2, 1, 63, 61),
(3224, 1421664311971, 0, 196, 2, 1, 64, 61),
(3225, 1421664311972, 0, 3626, 2, 1, 65, 61),
(3226, 1421664311972, 0, 835, 2, 1, 66, 61),
(3227, 1421664311973, 0, 549, 1, 2, 67, 61),
(3228, 1421664311975, 0, 323, 2, 2, 68, 61),
(3229, 1421664311976, 0, 4599, 2, 1, 69, 61),
(3230, 1421664311978, 0, 6205, 2, 2, 70, 61),
(3231, 1421664311979, 0, 1673, 2, 1, 71, 61),
(3232, 1421664311980, 0, 114, 2, 1, 74, 61),
(3233, 1421664311982, 0, 20, 2, 1, 75, 61),
(3234, 1421664311983, 0, 80, 2, 2, 76, 61),
(3235, 1421664311983, 0, 41, 2, 1, 77, 61),
(3236, 1421664311984, 0, 1639, 2, 1, 79, 61),
(3237, 1421664311985, 0, 4006, 2, 1, 80, 61),
(3238, 1421664311986, 0, 1997, 2, 1, 81, 61),
(3239, 1421664316742, 0, 223, 2, 1, 1, 62),
(3240, 1421664316743, 0, 107, 2, 1, 2, 62),
(3241, 1421664316744, 0, 205, 1, 2, 3, 62),
(3242, 1421664316744, 0, 397, 2, 2, 5, 62),
(3243, 1421664316745, 0, 6673, 1, 2, 6, 62),
(3244, 1421664316745, 0, 547, 1, 2, 7, 62),
(3245, 1421664316746, 0, 1322, 1, 2, 9, 62),
(3246, 1421664316747, 0, 1322, 1, 2, 10, 62),
(3247, 1421664316748, 0, 421, 1, 2, 11, 62),
(3248, 1421664316750, 0, 153, 1, 2, 12, 62),
(3249, 1421664316751, 0, 330, 1, 2, 13, 62),
(3250, 1421664316751, 0, 220, 1, 2, 14, 62),
(3251, 1421664316752, 0, 266, 1, 2, 15, 62),
(3252, 1421664316753, 0, 1498, 1, 2, 16, 62),
(3253, 1421664316753, 0, 56, 3, 1, 17, 62),
(3254, 1421664316754, 0, 775, 2, 1, 18, 62),
(3255, 1421664316754, 0, 6488, 2, 1, 19, 62),
(3256, 1421664316755, 0, 187, 1, 2, 20, 62),
(3257, 1421664316756, 0, 67, 1, 2, 21, 62),
(3258, 1421664316757, 0, 266, 1, 2, 24, 62),
(3259, 1421664316757, 0, 212, 1, 2, 29, 62),
(3260, 1421664316758, 0, 611, 1, 2, 30, 62),
(3261, 1421664316759, 0, 634, 2, 2, 31, 62),
(3262, 1421664316760, 0, 315, 1, 2, 32, 62),
(3263, 1421664316760, 0, 330, 1, 2, 34, 62),
(3264, 1421664316761, 0, 6673, 1, 2, 36, 62),
(3265, 1421664316762, 0, 6673, 1, 2, 37, 62),
(3266, 1421664316763, 0, 206, 3, 1, 38, 62),
(3267, 1421664316763, 0, 7981, 2, 1, 39, 62),
(3268, 1421664316764, 0, 595, 2, 1, 40, 62),
(3269, 1421664316765, 0, 328, 3, 1, 41, 62),
(3270, 1421664316765, 0, 4947, 2, 1, 42, 62),
(3271, 1421664316766, 0, 9198, 2, 1, 43, 62),
(3272, 1421664316767, 0, 5695, 2, 1, 44, 62),
(3273, 1421664316767, 0, 1428, 2, 1, 45, 62),
(3274, 1421664316768, 0, 13059, 1, 1, 46, 62),
(3275, 1421664316769, 0, 4586, 2, 1, 48, 62),
(3276, 1421664316769, 0, 3737, 2, 1, 49, 62),
(3277, 1421664316770, 0, 798, 3, 1, 50, 62),
(3278, 1421664316771, 0, 2464, 2, 1, 51, 62),
(3279, 1421664316772, 0, 164, 1, 2, 52, 62),
(3280, 1421664316772, 0, 2494, 1, 2, 53, 62),
(3281, 1421664316773, 0, 1407, 1, 2, 54, 62),
(3282, 1421664316774, 0, 1929, 1, 2, 55, 62),
(3283, 1421664316775, 0, 2193, 1, 2, 56, 62),
(3284, 1421664316777, 0, 440, 3, 1, 57, 62),
(3285, 1421664316778, 0, 346, 1, 2, 58, 62),
(3286, 1421664316779, 0, 917, 1, 2, 59, 62),
(3287, 1421664316780, 0, 3014, 2, 2, 62, 62),
(3288, 1421664316781, 0, 973, 1, 2, 66, 62),
(3289, 1421664316782, 0, 334, 2, 2, 68, 62),
(3290, 1421664316782, 0, 5844, 1, 2, 70, 62),
(3291, 1421664316783, 0, 111, 2, 1, 74, 62),
(3292, 1421664316784, 0, 19, 2, 1, 75, 62),
(3293, 1421664316785, 0, 79, 2, 2, 76, 62),
(3294, 1421664316785, 0, 75, 1, 2, 77, 62),
(3295, 1421664316786, 0, 1897, 1, 2, 79, 62),
(3296, 1421664316787, 0, 2152, 1, 2, 81, 62),
(3297, 1421664321535, 0, 317, 1, 2, 1, 63),
(3298, 1421664321536, 0, 94, 3, 1, 2, 63),
(3299, 1421664321537, 0, 206, 1, 2, 3, 63),
(3300, 1421664321538, 0, 365, 1, 2, 5, 63),
(3301, 1421664321538, 0, 6911, 1, 2, 6, 63),
(3302, 1421664321539, 0, 594, 1, 2, 7, 63),
(3303, 1421664321540, 0, 1410, 1, 2, 9, 63),
(3304, 1421664321541, 0, 1402, 1, 2, 10, 63),
(3305, 1421664321542, 0, 462, 1, 2, 11, 63),
(3306, 1421664321543, 0, 180, 1, 2, 12, 63),
(3307, 1421664321543, 0, 366, 1, 2, 13, 63),
(3308, 1421664321544, 0, 221, 1, 2, 14, 63),
(3309, 1421664321545, 0, 328, 1, 2, 15, 63),
(3310, 1421664321547, 0, 1586, 1, 2, 16, 63),
(3311, 1421664321550, 0, 74, 2, 1, 17, 63),
(3312, 1421664321552, 0, 789, 2, 1, 18, 63),
(3313, 1421664321554, 0, 6574, 2, 1, 19, 63),
(3314, 1421664321555, 0, 189, 1, 2, 20, 63),
(3315, 1421664321557, 0, 699, 1, 2, 21, 63),
(3316, 1421664321558, 0, 4986, 1, 2, 23, 63),
(3317, 1421664321559, 0, 298, 1, 2, 24, 63),
(3318, 1421664321560, 0, 269, 2, 2, 29, 63),
(3319, 1421664321561, 0, 708, 2, 2, 30, 63),
(3320, 1421664321563, 0, 594, 1, 2, 31, 63),
(3321, 1421664321565, 0, 350, 1, 2, 32, 63),
(3322, 1421664321567, 0, 366, 1, 2, 34, 63),
(3323, 1421664321569, 0, 6871, 1, 2, 36, 63),
(3324, 1421664321572, 0, 6871, 1, 2, 37, 63),
(3325, 1421664321575, 0, 253, 2, 1, 38, 63),
(3326, 1421664321576, 0, 8192, 2, 1, 39, 63),
(3327, 1421664321578, 0, 598, 2, 1, 40, 63),
(3328, 1421664321579, 0, 384, 2, 1, 41, 63),
(3329, 1421664321580, 0, 5012, 2, 1, 42, 63),
(3330, 1421664321581, 0, 9305, 2, 1, 43, 63),
(3331, 1421664321583, 0, 5769, 2, 1, 44, 63),
(3332, 1421664321585, 0, 1454, 2, 1, 45, 63),
(3333, 1421664321586, 0, 13203, 2, 1, 46, 63),
(3334, 1421664321588, 0, 4788, 2, 1, 48, 63),
(3335, 1421664321590, 0, 3873, 2, 1, 49, 63),
(3336, 1421664321591, 0, 898, 2, 1, 50, 63),
(3337, 1421664321592, 0, 2051, 2, 1, 51, 63),
(3338, 1421664321593, 0, 74, 2, 1, 52, 63),
(3339, 1421664321594, 0, 2355, 2, 1, 53, 63),
(3340, 1421664321595, 0, 1261, 2, 1, 54, 63),
(3341, 1421664321596, 0, 1664, 3, 1, 55, 63),
(3342, 1421664321597, 0, 1927, 3, 1, 56, 63),
(3343, 1421664321597, 0, 615, 1, 2, 57, 63),
(3344, 1421664321598, 0, 249, 2, 1, 58, 63),
(3345, 1421664321600, 0, 711, 3, 1, 59, 63),
(3346, 1421664321602, 0, 2972, 1, 2, 62, 63),
(3347, 1421664321603, 0, 976, 1, 2, 66, 63),
(3348, 1421664321605, 0, 353, 2, 2, 68, 63),
(3349, 1421664321607, 0, 6246, 2, 2, 70, 63),
(3350, 1421664321609, 0, 111, 2, 1, 74, 63),
(3351, 1421664321610, 0, 21, 2, 1, 75, 63),
(3352, 1421664321611, 0, 80, 2, 2, 76, 63),
(3353, 1421664321612, 0, 87, 1, 2, 77, 63),
(3354, 1421664321612, 0, 1891, 1, 2, 79, 63),
(3355, 1421664321613, 0, 2172, 1, 2, 81, 63),
(3356, 1421664326727, 0, 94, 3, 1, 2, 64),
(3357, 1421664326728, 0, 117, 2, 1, 3, 64),
(3358, 1421664326729, 0, 226, 1, 2, 4, 64),
(3359, 1421664326729, 0, 316, 1, 2, 5, 64),
(3360, 1421664326730, 0, 6576, 1, 2, 6, 64),
(3361, 1421664326731, 0, 529, 1, 2, 7, 64),
(3362, 1421664326732, 0, 37, 3, 1, 8, 64),
(3363, 1421664326732, 0, 1055, 3, 1, 9, 64),
(3364, 1421664326733, 0, 1055, 3, 1, 10, 64),
(3365, 1421664326734, 0, 270, 3, 1, 11, 64),
(3366, 1421664326734, 0, 195, 3, 1, 13, 64),
(3367, 1421664326735, 0, 105, 3, 1, 14, 64),
(3368, 1421664326736, 0, 1212, 3, 1, 16, 64),
(3369, 1421664326736, 0, 77, 3, 1, 20, 64),
(3370, 1421664326737, 0, 626, 1, 1, 21, 64),
(3371, 1421664326737, 0, 143, 3, 1, 24, 64),
(3372, 1421664326738, 0, 404, 1, 2, 25, 64),
(3373, 1421664326739, 0, 2326, 2, 2, 26, 64),
(3374, 1421664326739, 0, 4132, 1, 2, 28, 64),
(3375, 1421664326740, 0, 529, 1, 2, 31, 64),
(3376, 1421664326741, 0, 301, 1, 2, 32, 64),
(3377, 1421664326742, 0, 1066, 2, 2, 33, 64),
(3378, 1421664326742, 0, 316, 1, 2, 34, 64),
(3379, 1421664326743, 0, 6948, 2, 2, 36, 64),
(3380, 1421664326744, 0, 6878, 2, 2, 37, 64),
(3381, 1421664326744, 0, 99, 2, 1, 72, 64),
(3382, 1421664326745, 0, 318, 2, 1, 73, 64),
(3383, 1421664326746, 0, 75, 2, 2, 75, 64),
(3384, 1421664326746, 0, 1770, 1, 2, 79, 64),
(3385, 1421664326747, 0, 2013, 1, 2, 81, 64);

-- --------------------------------------------------------

--
-- Structure de la table `ship_buyables`
--

CREATE TABLE IF NOT EXISTS `ship_buyables` (
  `idShipBuyable` bigint(20) NOT NULL AUTO_INCREMENT,
  `defaultMaxRange` float NOT NULL,
  `defaultMinRange` float NOT NULL,
  `mass` int(11) NOT NULL,
  `name` varchar(255) NOT NULL,
  `price` bigint(20) NOT NULL,
  PRIMARY KEY (`idShipBuyable`),
  UNIQUE KEY `UK_n5h2rmotarvvx7rqqm4mymw4q` (`name`)
) ENGINE=InnoDB  DEFAULT CHARSET=latin1 AUTO_INCREMENT=15 ;

--
-- Contenu de la table `ship_buyables`
--

INSERT INTO `ship_buyables` (`idShipBuyable`, `defaultMaxRange`, `defaultMinRange`, `mass`, `name`, `price`) VALUES
(1, 7.79, 7.56, 25, 'Sidewinder', 32000),
(2, 8.76, 8.27, 50, 'Eagle', 44800),
(3, 10.91, 9.87, 14, 'Hauler', 52720),
(4, 7.12, 6.92, 60, 'Viper', 142931),
(5, 10.46, 9.78, 180, 'Cobra Mk3', 279718),
(6, 0, 0, 155, 'Type-6 Transporter', 1045945),
(7, 0, 0, 280, 'ASP', 6661153),
(8, 0, 0, 580, 'Federal Dropship', 37814205),
(9, 0, 0, 420, 'Type-7 Transport', 17472252),
(10, 0, 0, 350, 'Python', 56978179),
(11, 0, 0, 1000, 'Lakon Type-9 Heavy', 76500000),
(12, 0, 0, 400, 'Anaconda', 146969451),
(13, 9.12, 8.47, 35, 'Adder', 87808),
(14, 0, 0, 0, 'Orca', 0);

-- --------------------------------------------------------

--
-- Structure de la table `ship_outfit_categories`
--

CREATE TABLE IF NOT EXISTS `ship_outfit_categories` (
  `idShipOutfitCategory` bigint(20) NOT NULL,
  `name` varchar(255) NOT NULL,
  PRIMARY KEY (`idShipOutfitCategory`),
  UNIQUE KEY `UK_nq9hhxyo3nq2f2jl2w7ak455a` (`name`)
) ENGINE=InnoDB DEFAULT CHARSET=latin1;

--
-- Contenu de la table `ship_outfit_categories`
--

INSERT INTO `ship_outfit_categories` (`idShipOutfitCategory`, `name`) VALUES
(3, 'Bulkheads'),
(7, 'Environmental control'),
(6, 'Frame Shift Drive housing'),
(10, 'Fuel Store'),
(1, 'Hardpoint'),
(11, 'Internal compartment'),
(8, 'Power coupling'),
(4, 'Reactor bay'),
(9, 'Sensor suite'),
(5, 'Thruster mounting'),
(2, 'Utility Mount');

-- --------------------------------------------------------

--
-- Structure de la table `ship_outfit_slots`
--

CREATE TABLE IF NOT EXISTS `ship_outfit_slots` (
  `idShipOutfitSlot` bigint(20) NOT NULL AUTO_INCREMENT,
  `size` int(11) NOT NULL,
  `idShipBuyable` bigint(20) NOT NULL,
  `idShipOutfitCategory` bigint(20) DEFAULT NULL,
  PRIMARY KEY (`idShipOutfitSlot`),
  KEY `FK_hbsv7y4ol1t6tlpiwoioqr07c` (`idShipBuyable`),
  KEY `FK_tf755ointevojr7oat0g625qo` (`idShipOutfitCategory`)
) ENGINE=InnoDB  DEFAULT CHARSET=latin1 AUTO_INCREMENT=227 ;

--
-- Contenu de la table `ship_outfit_slots`
--

INSERT INTO `ship_outfit_slots` (`idShipOutfitSlot`, `size`, `idShipBuyable`, `idShipOutfitCategory`) VALUES
(1, 1, 1, 1),
(2, 1, 1, 1),
(3, 0, 1, 2),
(4, 0, 1, 2),
(5, 8, 1, 3),
(6, 2, 1, 4),
(7, 2, 1, 5),
(8, 2, 1, 6),
(9, 1, 1, 7),
(10, 1, 1, 8),
(11, 1, 1, 9),
(12, 2, 1, 10),
(13, 2, 1, 11),
(14, 2, 1, 11),
(15, 1, 1, 11),
(16, 1, 2, 1),
(17, 1, 2, 1),
(18, 1, 2, 1),
(19, 0, 2, 2),
(20, 8, 2, 3),
(21, 2, 2, 4),
(22, 3, 2, 5),
(23, 3, 2, 6),
(24, 1, 2, 7),
(25, 2, 2, 8),
(26, 2, 2, 9),
(27, 4, 2, 10),
(28, 3, 2, 11),
(29, 2, 2, 11),
(30, 1, 2, 11),
(31, 1, 3, 1),
(32, 0, 3, 2),
(33, 0, 3, 2),
(34, 8, 3, 3),
(35, 2, 3, 4),
(36, 2, 3, 5),
(37, 2, 3, 6),
(38, 1, 3, 7),
(39, 1, 3, 8),
(40, 1, 3, 9),
(41, 4, 3, 10),
(42, 3, 3, 11),
(43, 3, 3, 11),
(44, 2, 3, 11),
(45, 1, 3, 11),
(46, 1, 4, 1),
(47, 1, 4, 1),
(48, 2, 4, 1),
(49, 2, 4, 1),
(50, 0, 4, 2),
(51, 0, 4, 2),
(52, 8, 4, 3),
(53, 3, 4, 4),
(54, 3, 4, 5),
(55, 3, 4, 6),
(56, 2, 4, 7),
(57, 3, 4, 8),
(58, 3, 4, 9),
(59, 4, 4, 10),
(60, 3, 4, 11),
(61, 3, 4, 11),
(62, 2, 4, 11),
(63, 1, 4, 11),
(64, 1, 5, 1),
(65, 1, 5, 1),
(66, 2, 5, 1),
(67, 2, 5, 1),
(68, 0, 5, 2),
(69, 0, 5, 2),
(70, 8, 5, 3),
(71, 4, 5, 4),
(72, 4, 5, 5),
(73, 4, 5, 6),
(74, 3, 5, 7),
(75, 3, 5, 8),
(76, 3, 5, 9),
(77, 16, 5, 10),
(78, 4, 5, 11),
(79, 4, 5, 11),
(80, 4, 5, 11),
(81, 2, 5, 11),
(82, 2, 5, 11),
(83, 2, 5, 11),
(84, 1, 6, 1),
(85, 1, 6, 1),
(86, 0, 6, 2),
(87, 0, 6, 2),
(88, 0, 6, 2),
(89, 16, 6, 10),
(90, 5, 6, 11),
(91, 5, 6, 11),
(92, 4, 6, 11),
(93, 4, 6, 11),
(94, 3, 6, 11),
(95, 2, 6, 11),
(96, 2, 6, 11),
(97, 1, 7, 1),
(98, 1, 7, 1),
(99, 1, 7, 1),
(100, 1, 7, 1),
(101, 2, 7, 1),
(102, 2, 7, 1),
(103, 0, 7, 2),
(104, 0, 7, 2),
(105, 0, 7, 2),
(106, 0, 7, 2),
(107, 32, 7, 10),
(108, 6, 7, 11),
(109, 6, 7, 11),
(110, 5, 7, 11),
(111, 3, 7, 11),
(112, 3, 7, 11),
(113, 3, 7, 11),
(114, 2, 7, 11),
(115, 2, 7, 11),
(116, 2, 8, 1),
(117, 2, 8, 1),
(118, 2, 8, 1),
(119, 2, 8, 1),
(120, 3, 8, 1),
(121, 0, 8, 2),
(122, 0, 8, 2),
(123, 0, 8, 2),
(124, 0, 8, 2),
(125, 16, 8, 10),
(126, 6, 8, 11),
(127, 5, 8, 11),
(128, 5, 8, 11),
(129, 4, 8, 11),
(130, 3, 8, 11),
(131, 3, 8, 11),
(132, 2, 8, 11),
(133, 1, 9, 1),
(134, 1, 9, 1),
(135, 1, 9, 1),
(136, 1, 9, 1),
(137, 0, 9, 2),
(138, 0, 9, 2),
(139, 0, 9, 2),
(140, 0, 9, 2),
(141, 32, 9, 10),
(142, 6, 9, 11),
(143, 6, 9, 11),
(144, 5, 9, 11),
(145, 5, 9, 11),
(146, 4, 9, 11),
(147, 4, 9, 11),
(148, 2, 9, 11),
(149, 2, 9, 11),
(150, 2, 10, 1),
(151, 2, 10, 1),
(152, 3, 10, 1),
(153, 3, 10, 1),
(154, 3, 10, 1),
(155, 0, 10, 2),
(156, 0, 10, 2),
(157, 0, 10, 2),
(158, 0, 10, 2),
(159, 32, 10, 10),
(160, 6, 10, 11),
(161, 6, 10, 11),
(162, 6, 10, 11),
(163, 5, 10, 11),
(164, 5, 10, 11),
(165, 4, 10, 11),
(166, 3, 10, 11),
(167, 3, 10, 11),
(168, 2, 10, 11),
(169, 1, 11, 1),
(170, 1, 11, 1),
(171, 2, 11, 1),
(172, 2, 11, 1),
(173, 2, 11, 1),
(174, 0, 11, 2),
(175, 0, 11, 2),
(176, 0, 11, 2),
(177, 0, 11, 2),
(178, 64, 11, 10),
(179, 8, 11, 11),
(180, 7, 11, 11),
(181, 6, 11, 11),
(182, 5, 11, 11),
(183, 4, 11, 11),
(184, 4, 11, 11),
(185, 3, 11, 11),
(186, 3, 11, 11),
(187, 2, 11, 11),
(188, 1, 12, 1),
(189, 1, 12, 1),
(190, 2, 12, 1),
(191, 2, 12, 1),
(192, 3, 12, 1),
(193, 3, 12, 1),
(194, 3, 12, 1),
(195, 4, 12, 1),
(196, 0, 12, 2),
(197, 0, 12, 2),
(198, 0, 12, 2),
(199, 0, 12, 2),
(200, 0, 12, 2),
(201, 0, 12, 2),
(202, 0, 12, 2),
(203, 0, 12, 2),
(204, 32, 12, 10),
(205, 7, 12, 11),
(206, 6, 12, 11),
(207, 6, 12, 11),
(208, 6, 12, 11),
(209, 5, 12, 11),
(210, 5, 12, 11),
(211, 5, 12, 11),
(212, 4, 12, 11),
(213, 4, 12, 11),
(214, 4, 12, 11),
(215, 2, 12, 11),
(216, 1, 13, 1),
(217, 1, 13, 1),
(218, 2, 13, 1),
(219, 0, 13, 2),
(220, 0, 13, 2),
(221, 8, 13, 10),
(222, 3, 13, 11),
(223, 3, 13, 11),
(224, 2, 13, 11),
(225, 2, 13, 11),
(226, 1, 13, 11);


-- --------------------------------------------------------

--
-- Structure de la table `station_shipyard`
--

CREATE TABLE IF NOT EXISTS `station_shipyard` (
  `idStation` bigint(20) NOT NULL,
  `idShipBuyable` bigint(20) NOT NULL,
  KEY `FK_f5oipyi0c882aq4w4g16fvokd` (`idShipBuyable`),
  KEY `FK_nwlb1utojdn50pki66ax87eem` (`idStation`)
) ENGINE=InnoDB DEFAULT CHARSET=latin1;

--
-- Contenu de la table `station_shipyard`
--

INSERT INTO `station_shipyard` (`idStation`, `idShipBuyable`) VALUES
(21, 8),
(2, 1),
(2, 2),
(2, 3),
(2, 4),
(2, 6),
(2, 8),
(2, 9),
(2, 11),
(4, 1),
(4, 2),
(4, 3),
(4, 6),
(4, 12),
(6, 1),
(6, 2),
(6, 3),
(6, 4),
(6, 5),
(6, 6),
(8, 1),
(8, 2),
(8, 3),
(8, 5),
(8, 6),
(17, 1),
(17, 2),
(17, 3),
(18, 1),
(18, 2),
(18, 3),
(19, 1),
(19, 2),
(19, 3),
(19, 6),
(32, 1),
(32, 2),
(32, 3),
(32, 4),
(32, 7),
(32, 9),
(32, 13),
(33, 2),
(33, 3),
(33, 4),
(33, 5),
(33, 6),
(33, 8),
(34, 1),
(34, 2),
(34, 3),
(34, 9),
(34, 11),
(38, 5),
(38, 6),
(38, 8),
(38, 11),
(41, 1),
(41, 3),
(41, 5),
(41, 6),
(41, 11),
(46, 1),
(46, 4),
(46, 5),
(46, 6),
(46, 7),
(46, 10),
(46, 12),
(46, 14),
(47, 8),
(54, 1),
(54, 2),
(54, 3),
(54, 4),
(54, 5),
(54, 6),
(54, 7),
(54, 9),
(54, 10),
(54, 11),
(54, 13),
(58, 1),
(58, 2),
(58, 3),
(58, 4),
(58, 5),
(58, 6),
(58, 7),
(58, 9),
(58, 11),
(58, 13),
(62, 1),
(62, 3),
(62, 5),
(62, 11),
(65, 1),
(65, 2),
(65, 3),
(65, 9),
(65, 11),
(56, 1),
(56, 2),
(56, 13),
(68, 1),
(68, 2),
(68, 3),
(68, 4),
(68, 5),
(68, 6),
(68, 7),
(68, 8),
(68, 9),
(68, 11),
(69, 5),
(69, 11);

-- --------------------------------------------------------

--
-- Contraintes pour les tables exportées
--

--
-- Contraintes pour la table `goods`
--
ALTER TABLE `goods`
  ADD CONSTRAINT `FK_j83vdxc6jcmtvaybwi0t81bqf` FOREIGN KEY (`idStation`) REFERENCES `stations` (`idStation`),
  ADD CONSTRAINT `FK_hh6yhm08j7r39j8cfvv92xbaw` FOREIGN KEY (`idGoodsDesignation`) REFERENCES `goods_designations` (`idGoodsDesignation`);

--
-- Contraintes pour la table `goods_designations`
--
ALTER TABLE `goods_designations`
  ADD CONSTRAINT `FK_ih6i8npbv4at0fq1iggfc9ahx` FOREIGN KEY (`idGoodsCategory`) REFERENCES `goods_categories` (`idGoodsCategory`);

--
-- Contraintes pour la table `ship_outfit_slots`
--
ALTER TABLE `ship_outfit_slots`
  ADD CONSTRAINT `FK_tf755ointevojr7oat0g625qo` FOREIGN KEY (`idShipOutfitCategory`) REFERENCES `ship_outfit_categories` (`idShipOutfitCategory`),
  ADD CONSTRAINT `FK_hbsv7y4ol1t6tlpiwoioqr07c` FOREIGN KEY (`idShipBuyable`) REFERENCES `ship_buyables` (`idShipBuyable`);

--
-- Contraintes pour la table `station_shipyard`
--
ALTER TABLE `station_shipyard`
  ADD CONSTRAINT `FK_nwlb1utojdn50pki66ax87eem` FOREIGN KEY (`idStation`) REFERENCES `stations` (`idStation`),
  ADD CONSTRAINT `FK_f5oipyi0c882aq4w4g16fvokd` FOREIGN KEY (`idShipBuyable`) REFERENCES `ship_buyables` (`idShipBuyable`);

--
-- Contraintes pour la table `stations`
--
ALTER TABLE `stations`
  ADD CONSTRAINT `FK_sedox8rgwae2tcgks8eurklb3` FOREIGN KEY (`idSolarSystem`) REFERENCES `solar_systems` (`idSolarSystem`);

/*!40101 SET CHARACTER_SET_CLIENT=@OLD_CHARACTER_SET_CLIENT */;
/*!40101 SET CHARACTER_SET_RESULTS=@OLD_CHARACTER_SET_RESULTS */;
/*!40101 SET COLLATION_CONNECTION=@OLD_COLLATION_CONNECTION */;
